first_name,last_name,gender,phone,email,address,postalZip,ip_address,job_title,language,university
Kattie,Blackman,Female,(726) 659-6512,metus.aliquam@protonmail.org,Ap #434-3566 Neque Ave,779655,113.133.157.119,Director of Sales,Estonian,Martin Luther College
Krystle,Daggett,Female,(758) 579-8623,posuere.cubilia@protonmail.couk,"775-5036 Elementum, Ave",4739,51.49.144.111,Legal Assistant,Armenian,Kilis 7 Aralık University
Marijn,Aliberti,Male,1-557-595-7223,phasellus.in.felis@aol.net,Ap #937-4855 Ligula Rd.,442531,31.184.11.25,Structural Analysis Engineer,Kyrgyz,College of Idaho
Dionysus,Worster,Male,1-366-456-4567,aliquam.eu@hotmail.ca,Ap #274-9616 Duis Rd.,6288 WL,96.181.230.116,General Manager,West Frisian,Evangelische Fachhochschule Nürnberg
Giuditta,Sansun,Female,1-815-704-8427,conubia.nostra.per@outlook.edu,761-1348 Et St.,41321-473,34.50.24.232,Accounting Assistant III,Oriya,Lubbock Christian University
Frederich,Jouanny,Male,1-166-119-8124,molestie@outlook.ca,"550-2387 A, Road",15136,218.173.81.208,VP Quality Control,Oriya,Warnborough University
Alexio,Joddins,Male,1-678-903-5425,enim.diam@google.couk,9079 Lobortis. Rd.,67665,120.223.212.131,Recruiting Manager,Hungarian,Ecole Nationale Supérieure Electricité et Mécanique
Marlon,Veljes,Male,1-247-602-7145,lacinia.sed.congue@protonmail.com,4004 Magna. Rd.,13556,148.2.62.141,Health Coach II,Tetum,Ernst-Moritz-Arndt Universität Greifswald
Griffie,Di Boldi,Male,1-885-811-8555,vivamus@protonmail.org,5826 Per Rd.,18138,191.152.166.120,Computer Systems Analyst IV,Tajik,Universitas Padjadjaran
Ainslee,Ashman,Female,(116) 731-0682,pharetra@yahoo.org,Ap #413-3015 Rutrum Street,948371,253.151.54.93,Accountant II,Kazakh,FAST - National University of Computer and Emerging Sciences (NUCES)
Abie,Norrie,Male,(621) 756-8621,aenean@protonmail.net,"400-9662 Lobortis, Rd.",73450,221.180.122.33,Accounting Assistant IV,Dutch,University of Agriculture and Veterinary Medicine Timisoara
Alden,Chaudrelle,Male,1-550-377-3445,et.malesuada@google.ca,221-3046 Quis Ave,74951,72.95.186.173,Programmer Analyst I,Malay,Sinai University
Katey,Elmhurst,Agender,(751) 488-1720,sed.dictum@outlook.com,681-6981 Nam Avenue,7753,221.162.132.147,Help Desk Operator,Irish Gaelic,Arab Open University
Domini,Amies,Female,1-877-514-9767,mattis.integer@icloud.edu,"P.O. Box 262, 5474 Auctor St.",23617,102.230.248.221,Professor,Papiamento,Gift University
Danit,Byneth,Female,1-833-153-1861,arcu.vestibulum@protonmail.couk,Ap #846-3939 Proin Avenue,812984,93.250.13.39,Marketing Manager,Papiamento,Africa Nazarene University
Betteanne,Westphal,Genderqueer,(343) 812-8454,phasellus.elit.pede@yahoo.net,146-1305 Erat. Rd.,684456,157.239.161.174,VP Sales,Czech,Enugu State University of Science and Technology
Devina,Pelfer,Genderqueer,(860) 669-7517,sagittis.augue.eu@protonmail.net,"P.O. Box 919, 4094 Ut Rd.",840883,144.220.16.173,Nurse,Dari,Universidad de San Buenaventura
Hettie,Peltz,Female,(186) 633-4624,donec.at.arcu@yahoo.couk,Ap #972-3116 Sem Avenue,47-79,215.103.121.115,Sales Representative,Kyrgyz,Ningbo University of Technology
Gradey,McElroy,Male,(867) 165-4226,interdum.enim.non@yahoo.ca,Ap #948-2693 Augue Road,431197,108.38.112.203,Office Assistant I,Italian,Universidad Tecnológica de Honduras
Northrup,Turmall,Male,1-366-235-8807,duis.mi@yahoo.org,153-3097 Condimentum. Rd.,36450,210.143.210.150,Chemical Engineer,Montenegrin,Universidad de Santiago de Chile
Nickola,Bladesmith,Male,1-597-395-6887,maecenas@outlook.ca,"P.O. Box 619, 1448 Sem Rd.",8262,127.21.127.31,Quality Engineer,Croatian,University of Massachusetts at Boston
Michaela,Paddefield,Female,1-843-680-1667,risus@icloud.edu,5590 Est. Street,326217,4.207.160.130,Software Consultant,Marathi,Mariano Marcos State University
Ermentrude,Attride,Female,1-731-906-6327,metus.vivamus@hotmail.com,520-8962 Magna. Rd.,431534,56.35.158.186,GIS Technical Architect,Hungarian,Tokyo Metropolitan University
Dion,Navarijo,Female,(894) 833-2882,nibh.phasellus@hotmail.com,"P.O. Box 558, 4879 Tincidunt Street",551605,254.175.101.61,Sales Associate,Fijian,King's University College
Roda,Gaywood,Female,(965) 714-6367,vivamus@hotmail.com,536-3949 Sodales Ave,60849,54.190.171.65,General Manager,Lao,Universidad Odontológica Dominicana
Lemuel,Perigo,Male,(272) 622-6728,neque.tellus.imperdiet@aol.com,712-5855 Interdum Rd.,IK4 7JX,6.27.105.76,Registered Nurse,Tetum,Philosophisch-Theologische Hochschule der Salesianer Don Boscos
Jolee,Parkman,Female,(767) 419-5752,velit.egestas@hotmail.couk,Ap #507-5020 Mus. St.,Y2V 0B5,150.224.243.159,Registered Nurse,New Zealand Sign Language,Oglala Lakota College
Moina,Dowtry,Female,(326) 644-8828,enim.commodo.hendrerit@aol.com,154-2362 Velit. Avenue,3646,10.101.167.116,Account Representative IV,Estonian,Universiti Teknologi Mara
Hyatt,Chastaing,Male,(777) 947-7268,ornare.sagittis@icloud.edu,208-5719 Orci Street,41431,157.88.113.77,Accountant II,Somali,African University of Science and Technology
Art,Askwith,Male,1-839-878-6537,nulla.dignissim.maecenas@aol.org,"6753 Orci, Avenue",73658,87.48.23.83,Chemical Engineer,Telugu,University of Science & Technology Chittagong
Holly-anne,Iacomini,Female,(713) 368-4535,semper@yahoo.net,281-3447 Eget Rd.,L3X 9W7,11.97.104.235,Dental Hygienist,Kazakh,Universidad México Internacional
Odette,Giscken,Female,(866) 626-4913,fusce.mollis@protonmail.org,412-4662 Aliquam Ave,66091,254.149.178.74,Statistician I,Hindi,Estonian Business School
Garvin,Van Velden,Male,1-733-491-6672,urna.nullam.lobortis@google.edu,"Ap #749-7773 Lectus, St.",8680,240.188.204.135,Senior Quality Engineer,Marathi,Universidad Austral Buenos Aires
Almeta,Scallon,Female,1-552-329-8782,egestas.rhoncus.proin@icloud.com,452-9773 Ligula Rd.,45386,221.151.99.99,Human Resources Assistant I,Filipino,Nebraska Wesleyan University
Etty,Chiles,Female,1-587-753-1755,phasellus.nulla@icloud.ca,Ap #187-8871 A St.,174343,21.228.208.63,Developer I,Spanish,Hebei Academy of Fine Art
Mitch,Ciccotti,Male,1-587-453-4277,imperdiet.nec.leo@google.ca,107-1491 Tellus. St.,2508,240.161.100.18,Social Worker,Northern Sotho,University of Galatzi
Joann,Bavister,Female,(418) 387-2798,phasellus.fermentum@protonmail.couk,"Ap #369-6930 Et, Road",18112,251.173.231.69,Chief Design Engineer,Gujarati,Kardan University
Illa,Hague,Female,(325) 319-0241,nunc.ut@aol.net,"P.O. Box 780, 3226 Tincidunt Av.",3354,23.141.137.19,Sales Representative,Papiamento,Boise Bible College
Lori,Causley,Female,(810) 303-7984,gravida@aol.org,6981 Non Av.,62-53,90.233.191.191,Budget/Accounting Analyst III,Romanian,Philadelphia College of Bible
Dyane,St Ledger,Female,1-628-670-7927,sociis.natoque@icloud.net,"P.O. Box 696, 4494 Nec Rd.",242855,222.155.81.85,Systems Administrator IV,Portuguese,University of Sri Jayawardenapura
Sibilla,Joll,Female,(238) 335-6767,amet@hotmail.org,824-9752 Mauris St.,26659,102.89.64.45,Registered Nurse,Danish,Clearwater Christian College
Isabel,Dightham,Female,(628) 750-4661,ultrices.vivamus@outlook.ca,3999 Ligula. Rd.,5530,50.125.192.168,Pharmacist,Mongolian,University of Nebraska - Lincoln
Hort,Acreman,Male,(894) 848-5751,facilisis@protonmail.ca,8586 Elit Rd.,09258-81582,205.209.152.29,Biostatistician IV,Malayalam,London Guildhall University
Gussie,Huison,Female,1-518-746-6318,dolor@icloud.com,"P.O. Box 893, 7866 Non, Rd.",3663,8.129.224.3,Nuclear Power Engineer,Hungarian,Tambov State Technical University
Else,Philipart,Female,(505) 534-1827,sociosqu.ad@hotmail.edu,237-8654 Aliquam Av.,668673,8.101.225.69,Staff Scientist,Norwegian,Adventist University of the Philippines
Aluin,Bulled,Male,1-377-311-5837,ut.tincidunt@yahoo.net,321-1187 Eu Rd.,65428,199.116.192.37,Speech Pathologist,Gujarati,Green University of Bangladesh
Eilis,Canceller,Female,1-696-501-3778,aliquam.iaculis@icloud.com,Ap #768-6020 Augue Av.,3483,86.161.114.147,Nuclear Power Engineer,Japanese,Saint Louis College
Darcee,Benettini,Female,1-839-472-5487,natoque@icloud.org,"P.O. Box 454, 4668 Pellentesque Avenue",364322,65.179.149.113,Tax Accountant,Māori,Kookmin University
Brocky,Geffinger,Male,(222) 776-6768,purus.nullam.scelerisque@icloud.com,"8784 Eu, Ave",85529,155.94.99.236,Biostatistician III,Dzongkha,Universidad de Guadalajara
Angel,Pinchen,Male,(988) 815-2731,tortor.dictum@aol.ca,414-4650 Massa. Ave,3964548,70.13.191.143,Desktop Support Technician,Kurdish,Texas College
Falkner,Galtone,Male,(443) 712-5764,vitae.mauris.sit@protonmail.org,Ap #298-9969 Sed Rd.,37-18,123.124.255.164,Research Associate,Arabic,Missouri Baptist College
Boy,Charity,Male,(344) 390-6633,eu@hotmail.ca,"P.O. Box 662, 9298 Egestas, Rd.",25-92,197.215.89.47,Payment Adjustment Coordinator,Khmer,St. Mary's University
Jennine,Kumar,Female,1-297-714-4473,ultricies.ornare.elit@aol.org,"P.O. Box 724, 8443 Nulla. Avenue",24757,194.59.219.139,Human Resources Manager,Swahili,Universitas Pakuan
Lutero,Ayre,Male,1-892-232-4843,tristique.neque@aol.net,"Ap #620-355 A, St.",14374-447,114.80.40.2,Account Executive,Kyrgyz,"Fachhochschule Mannheim, Hochschule für Sozialwesen"
Harriot,Sandland,Female,(429) 110-5276,arcu.imperdiet.ullamcorper@outlook.net,9258 Magna St.,JJ37 2GC,58.107.197.201,Media Manager II,Khmer,"Davenport College of Business, Kalamazoo"
Tamiko,Trusty,Female,1-316-352-0265,nisl.arcu.iaculis@hotmail.com,Ap #904-1732 In St.,8317 OG,104.120.1.43,Tax Accountant,Montenegrin,Limestone College
Tessie,Leebeter,Female,(626) 814-9847,eleifend.cras.sed@hotmail.couk,355-5610 Malesuada St.,5848,155.54.17.209,Senior Developer,Portuguese,Kirikkale University
Jakob,Stirzaker,Male,1-879-882-4384,lorem.ipsum@outlook.org,351-9835 Non St.,17312,205.87.37.183,VP Marketing,Kazakh,University of Wamia and Masuria in Olsztyn
Dunn,Cater,Male,(443) 840-4147,aliquam@outlook.edu,Ap #815-7537 Lobortis Road,735195,92.196.212.56,Structural Engineer,Amharic,Universidad Autónoma de Fresnillo
Lucinda,Drohane,Female,(428) 650-6145,ac.orci.ut@outlook.couk,2344 Ante Road,884625,7.160.32.47,Media Manager IV,Armenian,National Pirogov Memorial Medical University
Rock,Ebden,Male,(634) 533-3532,urna.justo.faucibus@aol.edu,"P.O. Box 143, 182 Nunc Rd.",75723-522,47.89.42.76,Information Systems Manager,Irish Gaelic,Technological University (Kalay)
Saundra,Flower,Male,1-319-657-9774,rhoncus.proin@outlook.edu,709-2625 Aliquet Avenue,314110,88.214.91.56,Structural Analysis Engineer,Croatian,Pacific College of Oriental Medicine
Gipsy,Sutlieff,Female,1-934-528-4428,purus.in@protonmail.ca,781-2454 Vivamus Avenue,247721,89.134.128.86,Accounting Assistant I,Tok Pisin,Kwan Dong University
Gunner,Fehners,Male,1-351-484-9973,tristique.senectus@aol.net,450-2612 Nullam St.,539754,165.27.47.54,Assistant Media Planner,Dari,Fachhochschule Aachen
Nicki,Brasier,Female,(248) 909-6373,ultrices.mauris.ipsum@hotmail.ca,Ap #881-6443 Et Avenue,82235,8.231.62.152,Help Desk Operator,Aymara,Perak Islamic College
Ricky,Cardello,Male,1-734-256-3848,felis@aol.couk,"648-5533 Eleifend, Ave",73888,125.127.231.128,Programmer IV,Sotho,Fachhochschule für Bank- und Finanzwirtschaft
Natal,Rothery,Male,1-425-651-3498,eu@aol.edu,350-7677 Ipsum Ave,52892-12048,164.154.103.86,Quality Engineer,Belarusian,Tohwa University
Alla,Mcsarry,Genderfluid,(711) 288-6268,ultricies.adipiscing@hotmail.org,582-3463 Risus. St.,252714,236.64.134.253,Executive Secretary,Marathi,Faculdades Integradas Toledo
Binky,Baggot,Male,1-752-151-5027,enim.nunc.ut@outlook.org,103-1493 Fermentum St.,808228,196.42.127.148,Internal Auditor,Maltese,Universidad de Gerona
Gabi,Tweddle,Male,(812) 482-2098,egestas.rhoncus@aol.com,Ap #895-706 Orci Avenue,48033,30.195.207.57,Information Systems Manager,Catalan,University of Calicut
Hewett,Rangall,Male,(412) 492-1762,neque@protonmail.com,8138 Nisl. Rd.,728360,144.113.83.245,Senior Quality Engineer,Kannada,Indiana University-Purdue University at Columbus
Avram,Lukianov,Male,(627) 582-2584,pretium.aliquet.metus@aol.com,594-4507 Morbi St.,450076,146.166.111.158,Assistant Manager,Zulu,Veer Surendra Sai University of Technology
Sylas,Manderson,Male,(266) 362-4661,aliquet@protonmail.edu,969-7612 Neque St.,42573,215.15.21.131,Structural Analysis Engineer,Amharic,University of Hawaii - Hilo
Frank,Arnoldi,Female,(147) 734-6555,massa.suspendisse@yahoo.edu,Ap #736-5290 Justo Road,531187,228.188.169.156,Junior Executive,Indonesian,"Institute of Teachers Education, Tengku Ampuan Afzan"
Marcy,Pedrielli,Female,1-612-313-2331,gravida.sagittis@icloud.edu,6453 Ac St.,4322,210.99.79.166,Recruiting Manager,Montenegrin,Ecole Nationale d'Ingénieurs des Techniques des Industries Agricoles et Alimentaires
Pasquale,Yushin,Male,(324) 395-1901,pharetra.felis.eget@hotmail.net,7085 Luctus Av.,6747,66.188.119.4,Sales Representative,German,Universitas Muhammadiyah Surakarta
Consuelo,Ezele,Female,1-973-248-5109,dictum@icloud.edu,Ap #155-544 Cubilia Road,50775-383,222.55.133.234,Cost Accountant,Dari,Thomas More College
Sande,Halbard,Female,(962) 156-4631,auctor.odio@google.net,"P.O. Box 571, 9534 Magna. Ave",72271,150.214.60.247,Assistant Professor,Arabic,Université du Littoral Cote d'Opale
Cy,Mouton,Male,(225) 121-9694,magna@aol.net,4973 Mollis Ave,6814 XS,175.102.242.128,Community Outreach Specialist,Punjabi,Perm State Academy of Agriculture
Marge,Fernely,Female,(534) 751-2808,risus.donec@hotmail.ca,809-9853 Curabitur Rd.,826237,119.39.188.188,Senior Editor,Assamese,Lincoln University
Wilt,Sandey,Male,1-893-651-3306,a.enim@outlook.ca,7199 Aenean Av.,436827,185.202.128.230,Senior Quality Engineer,Malagasy,Ecole Nationale Supérieure Electricité et Mécanique
Bethena,Crotty,Non-binary,1-286-458-7673,nam.interdum@yahoo.net,"P.O. Box 255, 2010 Eget, Rd.",78584,83.7.129.151,Paralegal,Telugu,Gulu University
Myra,Badder,Female,1-155-234-1955,ac.fermentum@outlook.ca,510-7382 Magna Av.,289226,214.65.15.67,Mechanical Systems Engineer,Zulu,Clark Atlanta University
Bernice,Gerner,Female,1-664-229-7761,egestas.nunc@google.com,Ap #331-9695 Id Ave,668987,135.200.169.182,Environmental Tech,Arabic,Wiley College
Merrill,Ewen,Male,(791) 238-7441,conubia.nostra@google.couk,"P.O. Box 295, 6526 Lacus. St.",653192,79.144.118.43,Internal Auditor,Tsonga,Jiaying University
Miller,Ferroni,Male,(510) 933-8268,euismod.et@google.com,397-9462 Erat St.,60-148,32.76.223.174,Analog Circuit Design manager,Malay,Sardar Patel University
Vaclav,Escale,Bigender,(505) 356-2255,suspendisse.ac@icloud.ca,"P.O. Box 990, 8750 Sed Ave",16157,86.80.253.36,Social Worker,Catalan,"Fachhochschule Mannheim, Hochschule für Technik und Gestaltung"
Duff,Jiri,Male,1-273-516-2612,vulputate.mauris@outlook.net,"229-1567 At, Ave",11188,20.114.39.181,Web Developer IV,Kannada,Culver-Stockton College
Farlee,Timcke,Male,(684) 665-2462,in.consequat@yahoo.org,817-3130 Lectus Road,6353,80.16.5.109,Assistant Manager,Marathi,Kosin University
Hurlee,Squibbes,Male,(398) 541-1976,mi.pede@aol.com,Ap #899-3849 Sagittis Rd.,552318,222.14.232.78,Occupational Therapist,Danish,Beijing Sport University
Missy,Drinkhall,Female,(147) 332-3757,ornare.placerat@google.ca,9023 Vitae Av.,7509,239.226.66.163,Web Developer I,Icelandic,Tanta University
Shelby,Trenoweth,Male,1-374-877-1578,pede.nunc@outlook.couk,"P.O. Box 792, 930 Proin Road",4225,197.38.23.85,Assistant Media Planner,Persian,Lee University
Merrielle,Loy,Female,(782) 143-7662,arcu@hotmail.com,Ap #976-2051 Pharetra. Road,41105,227.96.137.24,Librarian,Amharic,Universidad Regiomontana
Dru,Reinhardt,Female,(631) 658-7184,lorem.vitae@protonmail.edu,1347 Diam Avenue,13624,65.242.25.186,Automation Specialist I,Dzongkha,Jagannath University
Kandace,D'Costa,Female,(571) 244-8327,nulla.vulputate@google.edu,Ap #206-2098 Risus Street,480137,175.250.216.198,Teacher,Luxembourgish,Universidad de Murcia
Amaleta,Clineck,Polygender,(270) 197-7354,scelerisque.lorem@outlook.couk,Ap #863-7725 Aliquet. St.,88-63,67.103.76.22,Analyst Programmer,Sotho,Al Yarmouk University College
Friedrick,Pentin,Polygender,(329) 728-5273,suscipit.est@protonmail.edu,"P.O. Box 881, 3688 Ligula Street",7579 DE,95.143.171.243,Food Chemist,Lithuanian,Universidad Internacional del Ecuador
Zackariah,Spring,Male,(447) 998-7418,aenean.eget.metus@hotmail.net,"P.O. Box 574, 6064 Ridiculus Rd.",82-36,45.243.6.172,Marketing Manager,Ndebele,Polytechnic Institute of Milan
Magdaia,Heinish,Female,1-696-857-4122,egestas@hotmail.org,Ap #492-3816 Aenean Avenue,2629 NB,118.51.32.248,Web Designer II,Hebrew,Escuela Politécnica Nacional
Pacorro,Redmille,Male,1-309-228-2365,velit.cras@outlook.edu,3357 Eu Rd.,T32 9HE,120.207.11.99,Business Systems Development Analyst,Pashto,Sultan Salahuddin Abdul Aziz Shah Polytechnic
Ami,Cazalet,Female,(144) 546-5486,faucibus@aol.com,901-1787 Urna Avenue,685864,44.173.216.208,Database Administrator II,Swedish,Yakutsk State University
Skipton,Ruston,Male,(855) 977-4168,sollicitudin@icloud.net,816-8778 Mi Street,6734 TR,245.92.104.235,Business Systems Development Analyst,Tetum,Sumgait State University
Abbye,Hellyer,Female,(215) 834-6621,nascetur.ridiculus.mus@aol.couk,519-7661 Arcu. Rd.,93-86,103.68.232.128,Actuary,Tajik,Pädagogische Hochschule Erfurt/Mühlhausen
Rivalee,Jeffers,Female,1-857-756-5433,sodales.at.velit@aol.ca,Ap #283-9883 Pede Street,83545,45.105.106.73,Executive Secretary,Bosnian,Anglia Ruskin University
Lea,Arnke,Female,(686) 492-4627,ridiculus.mus@google.org,630-9136 Sed Rd.,8944 LL,194.179.207.116,Dental Hygienist,Ndebele,Baldwin-Wallace College
Gates,Manilo,Female,1-894-254-2728,adipiscing@hotmail.ca,Ap #896-2556 Ut Ave,777786,25.185.224.206,Quality Control Specialist,Tsonga,Gangdara Institute Of Science & Technology
Rebeka,Readwin,Female,1-970-952-5157,euismod@icloud.org,Ap #270-9833 Posuere Rd.,2971,81.63.60.38,VP Marketing,West Frisian,Jichi Medical School
Kalila,Stuke,Female,1-527-324-3195,sagittis.semper@yahoo.ca,398-1856 Nisi. Avenue,8038,189.31.185.108,Senior Sales Associate,Tok Pisin,Jarvis Christian College
Fredi,Swaddle,Female,(463) 305-7458,quisque.libero@icloud.org,Ap #923-1070 Ligula. Ave,20888-81443,170.190.140.227,Chemical Engineer,Japanese,Universidad Central
Karie,Cadore,Female,(746) 273-3274,mauris.blandit@protonmail.couk,Ap #420-6387 Mi St.,6877,236.99.177.29,Technical Writer,Dhivehi,Fachhochschule Worms
Ivan,Faveryear,Male,(917) 476-2323,quam.vel.sapien@yahoo.couk,Ap #467-9116 Tempus St.,2759,167.127.141.203,Senior Developer,Gagauz,South Valley University
Averil,Walshe,Female,(240) 784-3551,tempor.lorem.eget@hotmail.com,475-9130 Turpis. Avenue,4242,56.206.119.169,Mechanical Systems Engineer,Kannada,Houston Baptist University
Addie,Espley,Female,1-261-783-5616,eu.ultrices@yahoo.com,Ap #481-2826 Ornare. Street,55178,199.146.107.197,Food Chemist,Arabic,Faculdade Italo Brasileira
Francyne,Clunan,Female,(643) 762-6812,risus.donec@aol.edu,Ap #217-1945 Vestibulum Rd.,56-86,21.147.165.245,Research Nurse,Telugu,"National American University, Kansas City"
Allix,Gowrie,Female,(893) 750-1571,erat.vitae@icloud.net,Ap #184-5741 Phasellus Rd.,758566,105.87.222.212,Research Associate,Finnish,University of Nova Gorica
Tilly,Klauer,Female,(362) 374-1651,aenean@aol.org,7465 Nisl. Avenue,35015,47.185.114.151,Automation Specialist II,Punjabi,Universiti Malaysia Sabah
Karlis,Yelden,Male,1-431-826-1478,curabitur.consequat@aol.com,802-5506 Duis Road,03366-92864,42.163.39.66,Financial Analyst,Georgian,Fu Jen Catholic University
Liana,Canti,Female,(142) 558-2450,ac.ipsum@aol.org,185-2307 In Ave,527167,85.206.151.165,Software Consultant,Pashto,University of Windsor
Moore,Gypson,Male,1-342-783-8483,nibh.enim@hotmail.com,Ap #350-4422 Duis St.,413628,152.239.152.205,Programmer Analyst II,Quechua,Aquinas University
Shandee,Conibeer,Female,1-684-554-3685,parturient.montes.nascetur@icloud.org,"574-8750 Amet, Rd.",2245,27.119.35.58,Food Chemist,Tsonga,Pädagogische Hochschule Heidelberg
Hodge,Heathfield,Male,(537) 738-5330,interdum.feugiat@aol.org,652-9172 Adipiscing Ave,N5Z 3V5,249.72.119.100,Recruiter,Gujarati,Robert Morris College
Dianne,Hentzeler,Female,1-665-284-4292,ut.molestie.in@icloud.com,8307 Ac Av.,3376,107.119.159.225,Programmer IV,Moldovan,Grace Bible College
Drud,Lampet,Male,(344) 254-8702,quis.pede.suspendisse@protonmail.org,"P.O. Box 421, 8100 At Rd.",50815-50682,179.26.8.168,Chemical Engineer,Persian,Riara University School of Business and Law
Elnore,Rohlfs,Female,1-215-275-8632,torquent.per.conubia@google.net,"P.O. Box 350, 399 Lectus, Avenue",52-841,5.42.99.130,Business Systems Development Analyst,Guaraní,Otaru University of Commerce
Lonni,Rilton,Female,1-724-313-1152,hendrerit.id@google.com,"209-7986 Orci, Road",744266,142.149.63.10,Pharmacist,Dutch,University of Toledo
Anselma,Ashingden,Female,1-533-252-1655,lobortis@protonmail.ca,"P.O. Box 896, 9231 Nonummy Avenue",20019,197.107.83.57,Automation Specialist III,Danish,McMaster University
Eugenia,Le febre,Female,(862) 882-8602,odio.vel@outlook.org,"P.O. Box 420, 7263 Dolor. Road",141775,119.216.182.152,Civil Engineer,Ndebele,Khana-e-Noor Institute of Higher Education
Bobine,Dron,Female,(554) 373-2371,purus.mauris@aol.couk,"250-2810 Lorem, Street",426718,133.237.191.120,VP Sales,Kurdish,Minamikyushu University
Felipa,McAughtrie,Female,1-501-837-1274,donec@hotmail.edu,Ap #990-2628 Maecenas St.,2276,235.62.108.100,Director of Sales,Dzongkha,Rensselaer Polytechnic Institute
Alfie,Timcke,Female,(667) 645-3393,vestibulum.mauris@hotmail.ca,836-6073 Aliquam Rd.,41135,58.28.102.241,Human Resources Assistant IV,Czech,St. Petersburg State University of Waterway Communications
Harrison,Witherdon,Male,(253) 377-4440,eu.turpis@google.com,"808-7660 Nec, Street",454432,20.83.98.95,Paralegal,Dzongkha,Université Chrétienne Bilingue du Congo
Jeannette,Callander,Female,1-788-104-8361,velit.eget@google.org,"Ap #593-9972 Pede, Street",256659,71.221.33.40,Information Systems Manager,Albanian,"Evangelische Fachhochschule für Sozialpädagogik der ""Diakonenanstalt des Rauhen Hauses"" Hamburg"
Marin,Kaes,Female,(520) 332-7786,vestibulum.mauris.magna@hotmail.com,Ap #580-7827 Nullam Av.,772114,145.149.85.36,General Manager,Dutch,University of the Philippines Los Banos
Alexandra,Blackway,Female,(571) 660-1046,et.tristique@icloud.ca,Ap #569-9180 Facilisis Street,7485,32.232.75.173,Accounting Assistant II,Macedonian,Pan African Christian University College
Tabor,Sagg,Male,(865) 601-5184,et@google.com,Ap #110-7025 Vivamus St.,83061,198.233.131.152,Compensation Analyst,Indonesian,Primier International University Perak
Karlen,Dowyer,Female,(514) 844-6433,egestas.urna@aol.org,"P.O. Box 555, 2301 Fusce Ave",46733,255.22.189.239,Dental Hygienist,Kashmiri,Calvary Bible College
Mel,Insole,Male,1-323-355-5036,fusce.feugiat.lorem@aol.net,Ap #206-1598 Scelerisque St.,50801,182.237.150.87,VP Quality Control,Tswana,Universidade do Estado de Santa Catarina
Klemens,Pepys,Male,(493) 835-2548,duis@yahoo.ca,Ap #895-5862 Nascetur Rd.,14372,45.89.241.33,Senior Quality Engineer,Malagasy,Arak University
Phip,Bavridge,Male,1-456-141-6118,quisque@hotmail.net,219-7809 Nec Street,93343-533,227.252.57.207,Project Manager,German,Jönköping University College of Health Sciences
Briano,Westraw,Male,(395) 814-1652,cras@google.com,9601 Rutrum Street,4443,142.239.31.63,Teacher,Bengali,American University in Dubai
Silas,Shasnan,Male,1-572-311-2828,dignissim.lacus.aliquam@icloud.net,6279 Neque. Street,35951785,198.86.143.240,Geologist III,Assamese,Suez Canal University
Peter,Carillo,Male,(854) 918-2326,non@yahoo.edu,792-3367 Dui Road,34952,193.219.65.102,Speech Pathologist,Māori,Glasgow School of Art
Woody,Sheldrick,Male,(824) 115-6125,justo.praesent.luctus@outlook.org,379-3514 Hendrerit Avenue,9847,106.250.35.26,Internal Auditor,Afrikaans,Air University
Lorry,Kalinsky,Male,(811) 216-0490,auctor.odio.a@hotmail.ca,Ap #436-6607 In Av.,2795 NQ,147.102.251.18,Safety Technician II,Romanian,Park College
Jilli,Jakes,Female,(113) 871-6767,pellentesque@icloud.ca,544-7465 Risus. Street,X6S 9KB,25.190.230.123,Operator,Ndebele,Drexel University
Jens,Macilhench,Male,(244) 811-8165,molestie.dapibus@outlook.com,Ap #191-2246 Mauris Rd.,94627-351,133.11.73.169,Developer IV,Northern Sotho,Universidad de la Fraternidad de Agrupaciones Santo Tomas de Aquino (FASTA)
Arleen,Spiteri,Female,(361) 881-8644,neque@hotmail.org,147-3228 Cursus. Street,867176,56.118.43.149,Design Engineer,Tetum,Facultés Universitaires Catholiques de Mons
Catlee,O'Rudden,Female,(429) 867-3285,sem@yahoo.net,Ap #415-6373 Sapien Ave,4794,224.188.185.92,Environmental Tech,Italian,Hyogo College of Medicine
Nollie,Gossipin,Female,1-974-957-5848,arcu@google.net,517-8029 Nibh. Avenue,236754,37.202.161.75,Statistician IV,Northern Sotho,Belarussian State Medical University
Randy,Olle,Male,(330) 363-8298,feugiat.nec.diam@aol.com,Ap #634-3088 Ligula. Rd.,44549,0.74.248.16,Database Administrator IV,Māori,University of Illinois
Dael,Loidl,Female,1-766-866-3746,magnis.dis@protonmail.org,"698-2280 Lorem, Rd.",882694,163.162.104.139,Paralegal,Danish,University of Aleppo
Jarib,Poyner,Male,(823) 642-7545,feugiat.sed@hotmail.net,"P.O. Box 157, 5661 Posuere Rd.",272865,114.28.155.113,Biostatistician III,Nepali,Royal lnstitute of Technology
Catherin,Antonomolii,Female,1-297-686-3511,eu@aol.couk,3392 Ante Ave,8647,155.249.80.109,Civil Engineer,English,Muhlenberg College
Hugues,Connichie,Male,1-371-465-1722,elit@hotmail.net,"P.O. Box 965, 6538 Ultricies St.",83589,13.227.195.57,Assistant Manager,Khmer,Medaille College
Olvan,Carruthers,Male,(655) 343-8521,vulputate.dui@outlook.edu,"P.O. Box 482, 6326 Amet, Rd.",7447 SE,126.242.96.57,Help Desk Operator,Kannada,Universidad del Norte
Jsandye,Chivrall,Female,1-858-876-8274,semper@icloud.ca,"P.O. Box 890, 5561 Etiam Avenue",5334-7191,239.142.67.169,Help Desk Technician,Tok Pisin,University of Strathclyde
Eolanda,Smurthwaite,Female,1-662-872-7978,vel@google.ca,595-2319 Semper Road,4163 TR,134.19.69.26,Project Manager,Montenegrin,Brussels School of International Studies
Myranda,Iacovielli,Female,1-683-491-5953,eget.metus@protonmail.edu,264-9396 Ligula. Road,49738,45.113.137.4,Staff Scientist,Azeri,Dav University
Vivien,Gumly,Female,1-917-811-2597,egestas.urna@protonmail.com,"4541 Dolor, Ave",436136,212.47.168.168,VP Quality Control,Swati,John Carroll University
Rex,Manon,Male,1-430-729-5311,proin.vel.arcu@protonmail.edu,6717 Aliquet Road,986865,197.201.107.176,Senior Sales Associate,Belarusian,Trisakti Institute of Tourism 
Bogart,Hoyt,Male,(217) 725-6523,enim@aol.net,415-8014 Convallis Av.,953119,10.172.126.173,Information Systems Manager,Amharic,Tamagawa University
Emanuel,Firmin,Male,(663) 446-8393,nec.euismod.in@outlook.org,Ap #851-5082 Neque. Avenue,921381,64.38.170.249,Nurse,Tok Pisin,Celal Bayar University
Gerrie,Ludwig,Male,1-861-387-6075,torquent@aol.org,"302-7282 Lobortis, Rd.",11471,144.197.74.156,Senior Quality Engineer,English,Universitas Jenderal Achmad Yani
Bendite,Vurley,Genderqueer,1-436-635-1261,at.lacus@protonmail.edu,6678 Mattis St.,1167,11.183.34.212,Sales Associate,German,Open University of Tanzania
Tobin,Fellgate,Male,1-516-628-8224,est.vitae@protonmail.org,"P.O. Box 158, 9745 Pede. St.",3534,206.187.101.231,Editor,Portuguese,Circleville Bible College
Darwin,Mea,Male,(258) 795-6556,mattis.semper.dui@google.com,"P.O. Box 849, 9512 Velit. Street",572262,230.137.98.117,Media Manager IV,Swahili,Bilecik University
Alvera,Fresson,Genderqueer,(258) 877-7193,mauris.ipsum@yahoo.org,9189 Quis Rd.,457383,45.208.137.211,Food Chemist,Sotho,Ecole Nationale des Sciences Géographiques
Liesa,Pinkie,Female,(866) 250-5031,sem.consequat@google.com,Ap #255-9159 Sit St.,42298,174.60.155.132,Safety Technician I,Yiddish,Sri Padmavati Women's University
Richardo,Creak,Male,(883) 787-4147,in.tincidunt.congue@yahoo.edu,"Ap #407-6293 A, Street",3745,206.151.136.11,Human Resources Manager,Afrikaans,Universitas Padjadjaran
Mar,Harryman,Male,(376) 955-1134,sit@hotmail.org,"P.O. Box 596, 4899 Montes, Road",293435,79.210.135.71,Community Outreach Specialist,Moldovan,University of North Texas Health Science Center at Fort Worth
Cedric,Grewer,Male,1-264-584-9517,lacus@aol.couk,"P.O. Box 269, 5748 Vivamus St.",4524,226.136.230.218,Community Outreach Specialist,French,Institute of Business Administration Sukkur
Hermann,Russan,Male,1-387-182-7753,donec.vitae@aol.couk,"599-6660 In, St.",62658,237.31.41.182,Data Coordinator,Armenian,Universidad Juárez Autónoma de Tabasco
Rosalynd,Goring,Female,(684) 275-2298,donec.consectetuer.mauris@outlook.edu,578-453 Nulla Rd.,5847,139.109.156.219,Administrative Assistant IV,Spanish,Université de Technologie de Troyes
Loralee,Dabourne,Female,(752) 828-3532,non.sollicitudin@yahoo.couk,"P.O. Box 935, 8240 Ornare, Road",12513,64.225.51.57,Associate Professor,Catalan,Jubail Industrial College
Julie,Balwin,Female,(260) 274-0277,tempor.augue.ac@aol.net,100-7396 Odio. Ave,JB0 7NF,226.98.134.79,Information Systems Manager,Fijian,University of Veterinary and Pharmaceutical Science
Arda,Burgoyne,Female,(282) 558-1637,montes.nascetur@aol.com,488-4305 Mauris St.,174678,92.23.233.170,Tax Accountant,Khmer,State University of New York College at Fredonia
Micheline,Marin,Genderqueer,(523) 717-1991,ultricies.adipiscing@hotmail.com,"P.O. Box 191, 8154 Scelerisque Street",35533,165.13.137.33,Web Designer III,Punjabi,Universidad ISALUD
Bernadine,Rennels,Female,(893) 482-4241,nisl.arcu.iaculis@yahoo.net,"P.O. Box 763, 9007 Eu St.",24110,6.77.222.96,Recruiting Manager,Somali,Universidade do Oeste Paulista
Vikky,Sammars,Bigender,(398) 844-4416,accumsan.laoreet.ipsum@outlook.com,455-4702 Diam. St.,5859-2784,195.227.119.231,Senior Financial Analyst,Korean,University of Cagayan Valley
Phylys,Matschke,Genderfluid,1-664-847-2833,at.arcu@aol.net,Ap #537-4506 In Rd.,55585,73.223.35.207,Nuclear Power Engineer,Italian,Estonian University of Life Sciences
Leola,Hobell,Female,(742) 136-3333,pellentesque.massa.lobortis@yahoo.net,618-6008 Nam Av.,578635,155.196.23.191,Librarian,Punjabi,Bridgewater College
Ana,Howat,Genderfluid,1-573-882-1557,accumsan@aol.couk,Ap #154-1560 Aliquam Av.,992287,224.244.11.163,Geological Engineer,Catalan,Glenville State College
Candi,Benwell,Female,(648) 516-4732,nam.tempor@protonmail.org,542-183 Ornare Avenue,58901-827,65.134.254.115,Administrative Assistant I,Khmer,Toyo University
Putnam,Hurworth,Male,1-531-767-7865,nisi.mauris@icloud.edu,352-8495 Ipsum St.,823056,104.202.157.111,Structural Engineer,Malagasy,Changsha Railway University
Clovis,Pol,Female,1-221-925-9806,velit@protonmail.org,"P.O. Box 477, 5996 Quisque Avenue",7674 FE,114.147.232.110,Chief Design Engineer,Pashto,Universidad de Mendoza
Marylin,Hackin,Female,1-625-947-6862,neque.et@icloud.couk,7849 At Avenue,51-54,31.110.124.246,Internal Auditor,Romanian,Universität für künstlerische und industrielle Gestaltung Linz
Maureen,Dewitt,Female,(462) 442-9382,eu@protonmail.com,Ap #795-3086 Purus St.,650685,233.134.39.123,Technical Writer,Zulu,Novgorod State University
Adolpho,Tomasi,Male,(846) 523-4434,lacus.cras@yahoo.org,312-5333 Aliquam St.,4330,114.237.45.161,Dental Hygienist,Tok Pisin,Hokkaido University of Education
Lilah,Dreger,Female,1-557-873-5822,nunc.sollicitudin@yahoo.couk,Ap #152-5316 In St.,7320 LC,76.191.76.225,Graphic Designer,Persian,Indian Statistical Institute
Gill,Itzhak,Female,1-223-881-8211,felis.eget@outlook.couk,Ap #584-8112 Nonummy Road,50218,54.62.54.254,Sales Representative,Indonesian,Myongji University
Leola,Alven,Female,1-327-123-6633,sollicitudin.a@hotmail.couk,"P.O. Box 325, 1521 Mollis St.",1688,180.25.233.19,Analyst Programmer,Mongolian,University of Hydraulic Electric Engineering
Elena,Asken,Female,1-993-765-8510,sagittis.semper@icloud.edu,Ap #533-6073 Dui. St.,2071,116.193.118.133,GIS Technical Architect,Finnish,Fred Hutchinson Cancer Research Center
Gage,Niven,Male,(772) 858-2438,nisi.sem@icloud.edu,922-2233 Ornare Avenue,626675,57.119.149.109,Speech Pathologist,Danish,Umm Al-Qura University
Akim,Kinnie,Male,1-213-664-1948,ipsum.donec@google.edu,Ap #629-4562 A Rd.,54643,110.253.83.42,Actuary,Sotho,Ecole Nationale Supérieure de Chimie de Rennes
Edgard,Hoff,Male,(888) 712-4078,proin.velit@protonmail.net,Ap #352-5245 Egestas. St.,48703-27336,126.87.72.136,Health Coach III,Haitian Creole,Tbilisi State University
Rhoda,Trase,Female,(578) 880-8885,tempor.diam.dictum@protonmail.com,"P.O. Box 206, 7922 Vestibulum Ave",8911,225.233.148.157,Pharmacist,Luxembourgish,University of the Virgin Islands
Grace,Mendel,Female,1-196-767-6411,semper.cursus@protonmail.couk,Ap #590-3032 Vitae Rd.,158403,252.43.36.109,Electrical Engineer,Arabic,Nnamdi Azikiwe University
Abey,Samter,Male,(346) 517-9841,parturient.montes.nascetur@aol.com,454-8027 Feugiat Street,74169-29185,93.124.6.103,Desktop Support Technician,Finnish,Ittihad University
Alanna,Adamovsky,Female,(593) 533-3724,egestas.hendrerit@protonmail.couk,971-7216 Auctor Rd.,8221-2503,52.209.80.207,Structural Analysis Engineer,Portuguese,"Tecnologico de Baja California, Universidad"
Alexandra,Dignum,Female,(877) 428-7635,pede.ultrices.a@google.org,"Ap #775-3261 Convallis, Rd.",5492,188.91.23.224,Research Nurse,Finnish,Belgorod State University
Selina,Sanbrook,Female,(491) 182-2987,magna.suspendisse.tristique@aol.couk,"Ap #655-799 Sed, Rd.",5501,116.52.115.169,Web Designer II,Italian,Toyama Medical and Pharmaceutical University
Inesita,McKeggie,Female,1-575-342-2730,arcu.vivamus@yahoo.ca,788-5909 Mattis Ave,35-77,180.236.251.192,VP Sales,Japanese,"Universidad de Guanajuato, Campus León"
Glyn,Wasylkiewicz,Male,1-347-371-5460,at.nisi@icloud.edu,Ap #106-5723 Urna Rd.,85247,96.26.148.112,Technical Writer,Tok Pisin,Jawaharlal Nehru Centre for Advanced  Scientific Research
Lea,Ebbage,Female,1-804-170-2243,primis@icloud.org,197-4514 Nunc St.,82863,152.82.214.113,Executive Secretary,Punjabi,Nanjing University of Traditional Chinese Medicine
Alena,Ravilious,Female,(332) 882-0614,vel.vulputate@protonmail.ca,Ap #504-8088 Nisl Av.,2267-8774,157.208.221.221,Accounting Assistant IV,Czech,Xuzhou Normal University
Garek,Rosiello,Male,1-266-276-5222,proin@outlook.net,"P.O. Box 224, 5466 Aliquam Street",74711-953,19.90.88.247,Occupational Therapist,Marathi,"New Era College of Arts, Science & Technology"
Dael,Crop,Male,1-982-326-2422,odio.phasellus.at@icloud.net,Ap #216-3944 Sed Ave,17-180,236.98.244.239,Analog Circuit Design manager,Dari,Medizinische Hochschule Hannover
Correna,Petriello,Female,(502) 537-2425,vitae.erat@icloud.org,635-655 Feugiat St.,671001,218.110.60.253,Occupational Therapist,Kurdish,Khana-e-Noor Institute of Higher Education
Aidan,Colgrave,Female,(348) 300-8556,pellentesque.ut.ipsum@aol.ca,"P.O. Box 390, 1989 Faucibus. Rd.",31811-22267,243.153.29.168,Account Executive,Belarusian,Kyrgyz Turkish  Manas University
Royal,Donnel,Male,1-282-637-3444,cursus.et@outlook.net,198-2595 Turpis Road,234323,5.81.30.18,Financial Advisor,Tswana,International Colleges of Islamic Science
Dody,Senechell,Genderfluid,1-553-332-9445,in.at.pede@aol.org,Ap #896-3765 Egestas St.,3482,46.8.8.3,Software Consultant,Kyrgyz,Pwani University
Amandie,Holdforth,Female,(767) 543-8896,dis.parturient@protonmail.org,472-5807 Sed St.,534822,129.38.92.228,Paralegal,Chinese,University of Opole
Barton,Dy,Male,1-416-923-3257,neque@google.couk,Ap #888-9889 Nulla. Avenue,35888783,167.252.16.247,Director of Sales,Lithuanian,Universität Vienna
Adriane,Temporal,Female,(670) 804-3871,enim.mi@outlook.couk,235-7595 Sit Street,868577,3.44.130.121,Analog Circuit Design manager,Tswana,University of Minnesota - Twin Cities Campus
Christopher,Farlane,Male,1-648-613-8785,egestas@protonmail.edu,Ap #886-2244 Fringilla Rd.,2583,115.59.53.245,Human Resources Assistant III,Tok Pisin,Universitas Mahasaraswati Denpasar
Keane,Tirkin,Male,1-555-547-3045,risus.donec@google.com,3398 Purus. Road,813358,156.55.185.115,Budget/Accounting Analyst IV,Hindi,Galillee College
Jim,Millichip,Male,1-642-831-5214,cras.eget@hotmail.edu,Ap #194-2650 Proin Rd.,445936,173.143.235.206,Nurse Practicioner,Tetum,Guangdong University of Foreign Studies
Gherardo,Pybworth,Male,1-564-818-6225,dui@outlook.ca,"P.O. Box 101, 5734 Id Street",3482,72.199.202.40,Assistant Professor,Kazakh,Fachhochschule Lübeck
Tore,Smorthwaite,Male,(543) 369-6277,metus.aliquam.erat@protonmail.com,Ap #745-7381 Nec Ave,328528,7.226.15.148,Assistant Media Planner,Malay,"Institute of Latin American Studies, University of London"
Brook,Breinl,Male,(422) 253-4445,pede.praesent.eu@aol.couk,"P.O. Box 158, 5700 Elementum, Rd.",1650,39.95.242.36,Environmental Specialist,West Frisian,Technical University of Cracow
Kirsteni,Baudou,Female,1-417-484-6033,nisl.maecenas@icloud.org,"596-6955 Dui, St.",54332,117.93.233.51,Environmental Specialist,Luxembourgish,Keck Graduate Institute of Applied Life Sciences
Cordelie,O'Hingerty,Female,(372) 326-7180,sed.facilisis@protonmail.org,447-3563 Sed St.,30214,15.35.8.29,Recruiter,Estonian,Institut Sains dan Teknologi Al Kamal
Gina,Obispo,Female,1-638-617-3312,eget.nisi@outlook.ca,701-797 Facilisis. Road,50318,189.24.57.29,Marketing Assistant,Romanian,French Institute of Management
Tory,Leftwich,Female,(217) 256-7626,cum.sociis@aol.com,"415-1556 Elementum, Rd.",0914-5437,153.95.156.32,Internal Auditor,Icelandic,Hampden-Sydney College
Bryan,Ashburne,Male,1-516-133-0741,lacus.vestibulum@icloud.net,574-4142 Ante. St.,222864,104.19.46.21,Pharmacist,New Zealand Sign Language,Philippine Normal University
Betta,Lemanu,Female,(854) 463-8568,velit.egestas.lacinia@yahoo.com,"509-7767 Montes, Avenue",5157-6855,18.57.25.109,Developer I,Afrikaans,University of Utah
Staci,Oehme,Female,(447) 865-8010,curabitur@hotmail.net,293-8138 Dui. Ave,59732,77.74.31.149,Mechanical Systems Engineer,Haitian Creole,Misr University for Sience and Technology
Cathy,Signe,Female,(257) 848-1412,facilisi.sed.neque@outlook.edu,Ap #847-315 Etiam St.,731244,171.216.111.17,Legal Assistant,Albanian,Indian Institute of Science
Nani,Jenton,Polygender,1-838-658-2461,sed.et@aol.org,"P.O. Box 616, 2500 Nunc Rd.",748328,187.205.212.156,Chemical Engineer,Filipino,"Johns Hopkins University, SAIS Bologna Center"
Kendell,Biasioni,Male,1-764-942-3798,elit@outlook.org,Ap #239-4492 Phasellus Ave,YX14 4EB,89.244.6.246,Financial Analyst,Malagasy,Astrahan State Technical University
Virgil,Duchant,Male,(253) 734-4558,non.vestibulum.nec@icloud.org,Ap #699-4536 Felis. St.,5166,60.134.215.243,Social Worker,Tok Pisin,Academy of Fine Arts and Design in Bratislava
Harcourt,Donat,Male,(341) 965-3640,rutrum.magna.cras@aol.com,583-4999 Dignissim Rd.,T7S 0H3,42.50.199.32,Dental Hygienist,Tswana,Universidad Tecnológica San Antonio de Machala
Britni,Kesby,Female,1-466-256-2165,ante@protonmail.org,707-2254 At Av.,740555,43.35.41.13,Senior Financial Analyst,Moldovan,"Fachhochschule Nürtingen, Hochschule für Wirtschaft, Landwirtschaft und Landespflege"
Harvey,Aldus,Male,1-633-619-3477,hendrerit@protonmail.com,Ap #630-5006 Non Rd.,863680,189.46.27.88,Payment Adjustment Coordinator,Romanian,St. Petersburg State University of Waterway Communications
Farica,Bello,Female,(584) 197-5568,egestas.nunc.sed@hotmail.org,235-2407 Facilisis Av.,1113,141.80.177.245,Computer Systems Analyst I,Spanish,Cleveland State University
Thelma,McGaraghan,Genderfluid,1-322-636-4597,cum.sociis@google.org,246-1640 Sem Rd.,748374,43.85.168.240,Automation Specialist III,Tetum,Université Gamal Abdel Nasser de Conakry
Cyndy,Barnwell,Female,(621) 383-6953,lobortis.tellus.justo@hotmail.ca,"3587 At, St.",5537,206.13.57.250,VP Quality Control,Dhivehi,University of Ottawa
Alano,Micklewright,Male,(378) 484-4086,rutrum.non@yahoo.org,931-7137 Velit Avenue,5674,216.61.15.163,Director of Sales,Irish Gaelic,Russian State University for the Humanities
Annadiane,Clover,Female,1-757-601-2246,tristique.aliquet@yahoo.edu,Ap #711-4330 Condimentum. Av.,66853,179.200.164.138,Junior Executive,Montenegrin,Polish-Japanese Institute of Information Technology in Warsaw
Torrance,Warden,Male,(692) 478-8828,tincidunt@outlook.ca,Ap #572-4415 Morbi Street,86338-84670,77.100.2.90,Social Worker,Assamese,Wake Forest University
Barron,Zmitrichenko,Male,(531) 326-7805,cras.vehicula@icloud.org,937-753 Cras St.,B6C 2J2,194.209.192.228,Human Resources Manager,Moldovan,Engineering Colleges in Tamil Nadu
Quent,Menico,Male,1-562-881-7515,non@outlook.net,Ap #515-2652 Aliquam St.,38-604,189.11.162.29,Marketing Manager,Chinese,Showa University
Louisa,Kobpal,Female,(574) 588-3587,massa.suspendisse@outlook.net,952-6966 Nullam Avenue,62767,107.14.253.249,Software Engineer III,Malayalam,TaTung University 
Chicky,Mapplebeck,Female,(623) 257-5721,duis.at@outlook.couk,731-2666 Convallis St.,27868,106.131.110.245,Senior Cost Accountant,Haitian Creole,Minsk State Linguistic University
Trudi,Jedrzejczyk,Female,(153) 349-6652,sed.sapien@hotmail.org,Ap #426-3962 Nunc St.,641653,244.22.253.132,Paralegal,Khmer,Nihon Fukushi University
Arlan,Heazel,Male,1-859-550-3778,non@protonmail.net,Ap #685-3061 Orci Ave,5946,95.104.27.193,Design Engineer,Albanian,Linfield College
Alanna,Gulland,Female,1-329-287-8748,nulla.dignissim@yahoo.ca,Ap #769-9985 Sed St.,3887,112.189.26.194,Food Chemist,West Frisian,Silesian Academy of Medicine in Katowice
Revkah,Chiles,Female,1-186-783-7649,dapibus.ligula.aliquam@icloud.couk,2988 Vivamus Street,4733-3186,35.39.228.255,Chief Design Engineer,Tswana,Ecole Nationale Supérieure d'Electrochimie et d'Electrométallurgie de Gernoble
Georgianne,Strudwick,Female,(774) 580-3856,donec.felis@yahoo.net,367-5591 Nunc Av.,693439,67.245.52.28,Research Associate,Mongolian,Universidad de Comunicación Avanzada
Nomi,Klainman,Female,(715) 344-3071,sociis@google.couk,337-6109 Nunc Rd.,47417,136.58.6.169,Accounting Assistant IV,Pashto,Universidad Interamericana
Malva,Iacovielli,Female,1-760-724-0342,lorem@icloud.org,Ap #761-3633 Convallis St.,71-823,186.137.43.222,Paralegal,Quechua,Communication University of China
Haley,Elfe,Female,(527) 622-2321,turpis.aliquam@aol.ca,430-3496 Quis St.,376204,172.249.242.136,Senior Financial Analyst,Kashmiri,Universidad Francisco de Aguirre
Rutger,Harrow,Male,1-168-388-5310,eget.ipsum.suspendisse@icloud.org,508-2017 Nulla. Street,27675,251.133.197.173,Developer III,Hungarian,École des Hautes Études Commerciales
Vincent,Vankov,Genderfluid,(430) 880-2262,a.nunc@hotmail.net,Ap #220-9891 Turpis. Ave,1812,229.138.91.62,Web Developer II,Māori,Universitas Madura
Gardiner,Bister,Male,1-773-526-0610,justo.nec@google.edu,686-8842 Consequat Rd.,78-37,129.29.121.79,Accountant III,Ndebele,Soongsil University
Hersch,Pauler,Male,(888) 163-5861,nunc.pulvinar@hotmail.ca,Ap #565-1126 Et St.,HF7Z 8JW,215.64.197.140,Editor,Bosnian,Università Bocconi
Hinze,Kildale,Male,(754) 668-3237,donec.vitae@hotmail.edu,321-7720 Vel Rd.,7115,208.203.239.25,Financial Advisor,Fijian,Technological Education Institute of Epiros
Dori,Marians,Female,(617) 219-8456,eu.nibh@hotmail.ca,1538 Imperdiet Av.,4593,91.43.69.191,Human Resources Assistant III,Croatian,Universidad Central
Wait,Brassington,Genderfluid,(342) 234-8658,nec@icloud.net,132-2734 Eu Rd.,8181,245.232.178.123,Software Test Engineer II,Dutch,KASB Institute of Technology
Lief,Thayre,Male,1-698-628-1444,ut.molestie@outlook.com,4549 Metus St.,5437 QR,207.210.170.30,Developer I,Kazakh,Southern Illinois University at Carbondale
Erinna,Cana,Female,1-327-530-8331,aenean.gravida.nunc@google.ca,"P.O. Box 745, 5417 Ipsum Ave",6123,3.16.41.1,Registered Nurse,Swedish,Izmir Institute of Technology
Flint,Greenless,Male,(236) 412-0075,orci.luctus@google.couk,609-5570 Quisque Av.,297334,163.205.101.100,Web Designer IV,Chinese,Nazarene Bible College
Fernando,Brute,Male,(605) 200-5077,vestibulum.neque.sed@aol.edu,Ap #358-588 In Street,526957,89.0.34.52,Occupational Therapist,Korean,Ecole Française de Papeterie et des Industries Graphiques
Sawyere,Penritt,Male,(768) 924-0439,sed.et@icloud.couk,4286 Sem Av.,851633,52.246.227.226,Registered Nurse,Danish,"AKAD Hochschulen für Berufstätige, Fachhochschule Leipzig"
Reilly,Berge,Male,(553) 664-2554,elit@yahoo.net,Ap #488-5214 Natoque Rd.,8811,198.252.59.44,VP Product Management,Northern Sotho,Acharya Ranga Agricultural University
Lorna,Attwood,Female,(386) 401-9015,ipsum.dolor@hotmail.couk,Ap #885-3634 Nulla Rd.,50-761,74.93.186.12,Environmental Specialist,Oriya,Universidade Estadual do Norte Fluminense
Kennett,Fogarty,Male,(482) 263-9853,purus.ac.tellus@yahoo.edu,Ap #457-7815 Curabitur Avenue,61481,53.163.179.231,Analyst Programmer,Georgian,Ecole Nationale Vétérinaire de Nantes
Meghann,Aldwich,Female,(856) 592-7060,consectetuer.cursus@protonmail.edu,4507 Ultricies Rd.,83548-43596,185.219.254.220,Web Designer III,Tajik,Duke University
Erasmus,Toogood,Male,(243) 688-5181,quam.dignissim@protonmail.edu,752-2731 Nibh Street,6842-3032,225.187.103.169,Civil Engineer,Marathi,St. Paul University
Alexine,Stitfall,Genderqueer,1-881-523-3762,aliquam.ultrices@hotmail.ca,1127 Tristique St.,63-728,83.48.142.101,Operator,Aymara,Marywood University
Ramon,Glabach,Male,1-130-706-6480,leo.elementum@hotmail.edu,Ap #921-3974 Ut Avenue,44542,65.5.178.77,Statistician I,English,Grand Canyon University
Frederik,Mollatt,Male,(924) 122-7675,tellus.eu@hotmail.org,Ap #146-8284 Maecenas Av.,39158,203.146.185.172,Research Nurse,Lao,Universitas Swadaya Gunung Djati
Rancell,Gell,Male,(713) 188-6372,eu.elit@google.edu,"P.O. Box 724, 8229 Elementum Av.",R3X 7M8,34.41.178.15,Statistician III,Czech,Hogere Zeevaartschool - Maritime Academy
Sula,Brockherst,Female,1-267-594-1901,gravida.molestie@google.org,"P.O. Box 708, 288 Mi Road",6849,114.26.157.125,Senior Editor,Tamil,Kuvempu University
Ashton,Lovering,Male,1-261-389-9707,magna.sed.eu@google.couk,Ap #905-7639 Gravida St.,3191,76.71.206.64,Quality Engineer,Maltese,Salahddin University (Kurdistan Region)
Merline,Sherston,Female,(828) 468-7553,est.mauris@aol.ca,"P.O. Box 126, 1819 Tempus St.",17372,149.183.179.3,Paralegal,Chinese,Kirksville College of Osteopathic Medicine
Tyrone,Lazarus,Male,(990) 746-7218,in.cursus.et@protonmail.couk,505-8462 Elit Rd.,376292,211.99.193.35,Clinical Specialist,Yiddish,Erasmushogeschool Brussel
Dominique,Meers,Male,1-490-737-4422,ac.libero.nec@aol.net,"P.O. Box 346, 1556 Facilisis Av.",70668,164.191.182.254,Sales Associate,Filipino,University of Southern Mindanao
Alice,Whitlock,Female,(821) 232-8691,ullamcorper.duis@hotmail.ca,"P.O. Box 795, 3576 Scelerisque Avenue",57751-41677,255.156.162.166,Account Executive,Arabic,Brandman University
Tisha,Melloy,Female,1-536-536-6414,montes@protonmail.com,"P.O. Box 781, 2352 Aliquet Street",651436,61.228.8.5,Data Coordinator,Malayalam,Far East State Transport University
Joelly,Cluse,Female,1-269-691-6468,commodo.ipsum.suspendisse@google.com,Ap #403-5476 Donec Ave,13691-08153,157.95.202.112,VP Sales,Dzongkha,Swiss Business School Zurich (SBS)
Anatollo,Human,Male,1-741-443-6766,mauris.sit@icloud.edu,579-5364 Phasellus Rd.,8987,180.8.242.47,VP Product Management,Persian,University of Agriculture and Veterinary Medicine Cluj-Napoca
Mannie,MacKomb,Male,1-894-603-1124,ante.ipsum@icloud.com,Ap #309-3422 Ac Av.,71208,206.199.254.147,Chemical Engineer,Assamese,Fachhochschule Nordhausen
Curtis,Frake,Male,(682) 421-5698,enim.etiam@hotmail.org,187-8190 Blandit Rd.,23334,139.50.172.146,Help Desk Operator,Amharic,Canadian Sudanese College
Alexandr,Ruddoch,Male,(623) 566-2514,habitant.morbi@protonmail.ca,Ap #204-9712 Arcu. Av.,8883-2661,170.104.174.251,Senior Financial Analyst,Bulgarian,Augustana College
Benoit,Gellately,Male,1-803-811-0075,sapien.aenean@aol.ca,"460-2771 Laoreet, Rd.",17742,11.55.16.160,Help Desk Technician,Malayalam,National Pedagogical University M. Dragomanov 
Drusy,Scholefield,Female,1-356-734-3311,mi.ac@yahoo.couk,1840 Cursus St.,19414,100.183.53.40,VP Sales,Polish,Texas College of Osteopathic Medicine
Nannie,Elliff,Female,(352) 908-5871,faucibus.ut@hotmail.couk,7271 Enim St.,143436,62.37.176.145,Research Nurse,Danish,Escuela Militar de Ingeniería
Toinette,Bittlestone,Female,(545) 423-3344,velit.eget@google.ca,9292 Sodales. Rd.,6408,50.71.227.187,Human Resources Manager,Romanian,Al Ahlia University
Blair,McCowan,Male,(156) 781-9746,bibendum.fermentum@yahoo.net,Ap #666-9772 Purus Road,7056,177.217.243.145,Actuary,Aymara,Fachhochschule für Oekonomie und Management (FOM)
Lazarus,Vreede,Male,1-692-561-1761,nunc.laoreet.lectus@yahoo.couk,8405 Convallis Av.,985816,216.172.248.33,Tax Accountant,Armenian,Konyang University
Sansone,Vescovo,Male,(477) 288-0288,integer.vulputate.risus@hotmail.ca,Ap #804-6327 Eu Road,44-228,146.61.0.13,General Manager,Ndebele,Solapur University
Wilt,Warby,Male,1-847-444-8820,dolor.tempus.non@aol.edu,846-8354 Nascetur Rd.,938376,207.132.16.166,Project Manager,Zulu,Kaplan University
Giles,Kliemchen,Male,(546) 571-8443,egestas.nunc@outlook.net,Ap #895-925 In Rd.,61-661,147.255.173.189,Occupational Therapist,Tetum,Sri Venkateswara Institute of Medical Sciences
Ly,Bedell,Male,1-140-737-4635,vitae.dolor@outlook.net,Ap #961-8088 Auctor Road,13-78,29.161.92.161,VP Accounting,Indonesian,Botswana International University of Science & Technology
Mick,Lowson,Male,1-739-485-5376,duis.volutpat.nunc@protonmail.couk,506-2215 Lacinia Road,95974,61.168.225.25,Clinical Specialist,Guaraní,Hyogo University of Education
Brantley,Liggins,Genderfluid,(604) 905-3981,arcu.aliquam@icloud.com,"926-2664 Tincidunt, Ave",G8 7GS,237.156.142.127,Professor,Luxembourgish,International Culinary Institute (ICI)
Cathi,Wellesley,Female,1-467-476-4705,et@hotmail.org,"521-6590 Ullamcorper, Avenue",3874,77.141.56.113,Dental Hygienist,Czech,Pawel Wlodkowic University College in Plock
Meryl,Ferrini,Female,1-499-261-6272,elementum.purus.accumsan@hotmail.org,4361 Aliquam St.,439361,54.133.164.202,Programmer I,Bengali,Universidad Nacional Experimental Romulo Gallegos
Logan,Lindenstrauss,Male,(467) 253-3538,bibendum.sed@outlook.ca,564-4905 Nec Rd.,T4C 9H7,131.27.75.116,Environmental Tech,Azeri,Technological University (Banmaw)
Sherye,Riddeough,Female,1-562-873-2100,consequat.purus@yahoo.couk,Ap #822-7102 Sit Rd.,9416 YK,132.139.94.180,Data Coordinator,Gujarati,Universidad Nacional Experimental Romulo Gallegos
Jocelyn,Snassell,Female,(873) 183-8562,habitant.morbi@yahoo.org,828-8404 Fusce Rd.,162477,79.104.139.191,Staff Scientist,Italian,Buraydah College for Applied Medical Sciences
Gavrielle,Bayman,Agender,(872) 125-1328,pede.cum.sociis@icloud.edu,"388-3497 Nec, St.",23745,169.92.8.109,Staff Accountant III,Amharic,Chalmers University of Technology
Marty,Sheeres,Female,1-268-811-7383,ante.lectus@google.ca,"P.O. Box 939, 5577 Auctor Street",7248,211.19.66.138,Financial Analyst,Tajik,Ekiti State University
Aldwin,Stockhill,Male,(385) 641-6348,est.nunc@icloud.couk,7992 Egestas Av.,6684,248.71.234.110,Director of Sales,Dutch,Indian School of Business Management and Administration
Caddric,Swales,Male,(358) 714-8774,est.nunc@yahoo.edu,Ap #606-7833 Vitae Ave,16504,192.203.252.228,Registered Nurse,Danish,Baptist Bible College of Missouri
Britt,Attwoul,Male,1-362-886-5204,magna.duis.dignissim@google.org,995-1967 Dictum Av.,753077,255.103.84.60,Clinical Specialist,Mongolian,National Aviation Academy
Case,Jouanot,Male,(798) 283-7322,cursus.et@icloud.couk,343-8677 Lacus. St.,48257,121.105.154.134,Analog Circuit Design manager,Guaraní,Nevsky Institute of Language and Culture
Stanford,Petow,Male,(875) 402-3869,aliquam.eros@hotmail.net,Ap #372-5454 Donec St.,2480,126.206.46.19,Quality Engineer,Albanian,University College of Kristianstad
Maye,Remmers,Female,1-608-334-1852,orci@protonmail.org,475-4970 Donec St.,348238,97.54.183.96,Senior Financial Analyst,Finnish,Shenyang Pharmaceutical University
Cicily,Hiseman,Female,(297) 654-7271,odio@icloud.net,176-9902 Nibh Ave,222476,112.81.190.254,Information Systems Manager,Icelandic,University of Mississippi Medical Center
Berke,Okie,Male,1-286-678-2314,iaculis.enim@google.com,Ap #633-6491 Orci. Street,55-66,55.162.178.115,Technical Writer,Quechua,Escuela de Administración de Negocios
Rycca,Mynard,Female,(948) 816-7905,nulla.tincidunt@yahoo.org,327-5361 Cras Av.,K3R 4BH,57.201.30.134,Web Designer II,Tswana,Universidad Panamericana de San Salvador
Em,McIlmorow,Female,1-859-483-8456,nec.leo@protonmail.couk,Ap #914-2993 Odio. St.,883253,164.171.19.0,Assistant Manager,Hebrew,Universitas Pakuan
Hayley,Woodrooffe,Female,(805) 408-3153,mi.fringilla.mi@yahoo.edu,267-1545 Consequat Rd.,15493,234.60.73.43,Nurse,Kazakh,Instituto Nacional de Matemática Pura e Aplicada - IMPA
Bastien,Keers,Male,1-828-445-8635,risus.quisque@icloud.ca,"504-3020 In, Road",2566,151.216.76.226,Sales Associate,Burmese,York College Nebraska
Batsheva,Greensitt,Female,1-208-424-8919,ut.ipsum@yahoo.ca,1287 Aliquet Street,275788,109.191.53.196,Registered Nurse,Afrikaans,Keuka College
Baldwin,Stirling,Male,1-462-820-7533,ligula.eu@yahoo.ca,"P.O. Box 136, 8424 Mauris Avenue",3628,4.118.197.39,Account Representative III,Armenian,Sir Syed Institute Of Technology Islamabad
Katina,Forrestall,Female,(963) 534-4645,sed.pede.nec@protonmail.ca,271-1012 Et Street,256195,33.211.252.241,Tax Accountant,Gujarati,Allegheny College
Mill,Jennions,Male,(928) 634-4212,magna.lorem.ipsum@hotmail.couk,Ap #264-7742 Sem Rd.,67-53,228.235.152.5,Account Executive,Tsonga,University of Bialystok
Charissa,Danielsen,Non-binary,1-404-498-5866,vulputate.mauris@yahoo.couk,Ap #231-8927 Et Road,579736,72.155.245.203,Junior Executive,Latvian,Donetsk State Medical University
Jorry,Jedraszczyk,Agender,1-285-878-2745,scelerisque@yahoo.couk,954-8997 Eu Ave,61907-262,189.145.129.195,Senior Developer,Guaraní,Universidad del Mar
Ganny,Giannini,Male,1-215-686-5747,donec.egestas@aol.ca,Ap #777-808 Sit Road,172583,197.2.51.114,Nurse Practicioner,New Zealand Sign Language,University of New England
Tabor,Theodore,Male,1-835-358-1273,augue.ac.ipsum@aol.couk,Ap #679-7440 Orci Av.,63627-21388,176.69.168.58,Chemical Engineer,Montenegrin,"Islamic Azad University, Qazvin"
Robena,Van der Kruis,Female,(531) 341-5878,ut.mi.duis@yahoo.couk,Ap #134-5311 Lorem Avenue,67-48,55.82.76.7,Assistant Media Planner,Gagauz,Tzu Chi College of Medicine and Humanities
Gael,Eagleton,Female,1-881-880-5048,eget.volutpat@aol.couk,8235 Mus. Street,87916,94.28.188.5,VP Accounting,Dutch,Kyushu Institute of Design
Kimberlyn,Quimby,Female,(136) 152-2735,erat.neque@google.couk,Ap #367-4369 Diam Road,18-031,133.55.171.181,Operator,Tsonga,Ohio College of Podiatric Medicine
Faydra,Vassar,Female,1-961-450-2084,rhoncus.proin.nisl@hotmail.org,933-614 Dignissim Av.,48-95,132.150.207.234,Paralegal,Burmese,Ecole Nationale Supérieure d'Agronomie de Rennes
Darwin,Simonel,Male,(913) 773-0487,placerat@protonmail.net,865-7840 Cras Street,44606-63881,119.229.133.5,Editor,Burmese,"Universidad Autónoma Agraria ""Antonio Narro"""
Dina,Garnham,Female,(751) 443-2330,felis.orci.adipiscing@hotmail.couk,"P.O. Box 627, 808 Ultrices. St.",668385,242.168.127.101,Professor,Maltese,"Universidad Nacional Experimental ""Rafael Maria Baralt"""
Rosabelle,Perillo,Female,1-788-537-8314,non.nisi.aenean@outlook.edu,594-759 Aenean Av.,13719,163.179.113.153,Programmer III,Filipino,Instituto Superior Politécnico José Antonio Echeverría
Seward,McGeorge,Male,1-706-814-0678,et.tristique@icloud.net,7488 Dis Av.,3843,107.140.12.154,Budget/Accounting Analyst II,Kurdish,Long Island University
Priscilla,Jeppe,Female,(548) 482-7870,phasellus.vitae.mauris@hotmail.com,Ap #585-8725 Nunc Rd.,85227,73.20.160.219,Compensation Analyst,Korean,Shanghai University of Traditional Chinese Medicine and Pharmacology
Holly-anne,Simmon,Female,1-348-556-4878,amet@aol.ca,156-5114 Dolor Av.,4315-1413,217.81.116.191,Senior Developer,Danish,Logistics Engineering University of PLA
Alexis,Jeger,Male,1-947-661-9553,ornare@icloud.ca,Ap #559-8932 Turpis. Rd.,25361,126.75.39.99,Electrical Engineer,Albanian,Sarah Lawrence College
Babbette,Spain-Gower,Female,(526) 362-9154,tristique.neque@protonmail.ca,3230 Nunc Av.,7374,235.61.86.29,Graphic Designer,Papiamento,Hachinohe Institute of Technology
Janeczka,Massimi,Female,(404) 259-6746,cum.sociis@aol.com,Ap #257-3885 Suscipit St.,1763,132.185.158.231,Senior Cost Accountant,Greek,Tashkent University of Information Technologies
Shayna,Everil,Female,(802) 356-4896,erat.eget@yahoo.edu,220 Fringilla. Rd.,808528,83.229.110.209,Operator,Assamese,Technological University (Pyay)
Garner,Bim,Male,1-868-145-4115,sagittis.semper@icloud.com,9454 Eu Rd.,335623,172.168.27.164,Structural Analysis Engineer,Albanian,Kigali Independent University
Gill,Rosenfrucht,Male,(431) 612-4096,lacus.mauris@outlook.com,6933 Velit Road,694807,18.3.94.193,Help Desk Operator,Sotho,Université de Fianarantsoa
Sena,Reay,Female,(275) 697-1740,duis.a@aol.edu,Ap #786-7634 Sit Street,385722,74.26.204.205,Librarian,West Frisian,East West University
Cecilius,Swinnard,Male,1-733-547-5690,at.arcu@icloud.org,4270 Nibh St.,1717,174.63.174.153,Research Nurse,Icelandic,Université du Québec à Rimouski
Jabez,Lacy,Male,(879) 777-4936,duis.a.mi@icloud.couk,Ap #269-3821 Arcu. Road,422443,108.157.90.76,Pharmacist,Māori,Bethel College Newton
Hobard,Manktelow,Male,(458) 305-2811,aliquam@google.ca,Ap #214-5713 Quisque Rd.,144438,231.106.1.172,Accountant I,German,National University of Science and Technology
Missie,Backwell,Female,1-410-485-7544,consequat.nec@icloud.com,"576-5143 Elementum, Road",71165,234.132.113.198,Chemical Engineer,Lithuanian,Wentworth Institute of Technology
Correy,Draude,Female,(868) 853-7516,aliquet@outlook.couk,"Ap #382-970 Et, Ave",11008,3.186.117.81,Technical Writer,Irish Gaelic,Universitas Cenderawasih
Cletis,Patriche,Male,(485) 383-9166,in.condimentum@hotmail.org,221-7639 Volutpat Rd.,144385,22.120.177.252,Financial Analyst,Pashto,Vrije Universiteit Brussel
Marlo,Siburn,Female,1-138-728-8484,eu@google.org,"P.O. Box 341, 2324 Ridiculus Road",431267,121.204.2.37,Dental Hygienist,Bislama,Pan African Christian University College
Meade,Butchers,Polygender,(438) 113-9647,a.sollicitudin@yahoo.edu,842-1808 Sed Avenue,0575-7846,128.102.56.66,Food Chemist,Italian,Chongqing Three Gorges University
Jacklin,Denis,Female,1-964-657-3828,interdum.enim@icloud.org,Ap #993-3985 Lorem Av.,1715,13.132.54.71,Programmer Analyst IV,Dhivehi,Alabama State University
Barnaby,Cattermull,Male,(845) 567-8815,elementum.at@outlook.org,Ap #512-9686 Enim St.,6400,102.129.125.104,Community Outreach Specialist,Kazakh,Central Agricultural University
Dugald,Belle,Male,1-344-643-1685,posuere.cubilia@outlook.org,160-8047 Purus Road,4467-0225,249.253.90.113,Software Engineer I,Luxembourgish,Józef Tyszkiewicz College of Business and Computer Science in Bielsko-Biala
Ardelia,Shotbolt,Female,(716) 375-2552,egestas.blandit.nam@google.couk,889-811 Et Street,93-92,180.32.128.72,Food Chemist,English,Mogilev State University A.A. Kuleshov
Adler,Smoughton,Male,1-922-743-6771,non@icloud.org,303 Ipsum St.,75385,213.193.160.179,Graphic Designer,Luxembourgish,University of Ostrava
Kerwin,Whereat,Male,1-217-192-1124,risus.in@google.ca,3320 Ante St.,73453,83.84.65.62,Research Nurse,Oriya,Huron University College
Alonso,Bern,Male,(835) 136-1843,curae.donec.tincidunt@protonmail.couk,Ap #104-9280 Massa. Av.,411587,107.174.238.60,Engineer IV,Italian,State University of New York College of Technology at Farmingdale
Daven,Bardwell,Polygender,1-557-828-0483,malesuada@google.ca,Ap #324-911 Integer Avenue,27301,252.34.45.203,Staff Accountant III,Swahili,Universidad de Los Llanos
Terrijo,Rosita,Female,(888) 782-6769,ac@protonmail.com,"P.O. Box 955, 6048 Eu Street",836176,58.170.108.248,Analyst Programmer,Portuguese,Universidad Nacional de San Cristóbal de Huamanga
Barty,Olfert,Male,(731) 225-7385,lorem.eu@icloud.ca,512-8997 Neque Road,B9E 3T6,73.233.216.181,Account Coordinator,Czech,Henderson State Univerisity
Nance,Lief,Agender,1-319-440-9648,quis@hotmail.org,"P.O. Box 169, 1775 Integer Road",6886,212.236.225.231,Software Engineer IV,Italian,Meijo University
Mohammed,Readwin,Male,(217) 382-7661,aliquet.vel@protonmail.edu,679-6288 Vehicula. Rd.,73773-807,226.23.235.201,Occupational Therapist,Punjabi,Medizinische Universität Graz
Ernie,Hacun,Polygender,1-313-354-9354,sodales.nisi@outlook.couk,"Ap #195-7070 Quis, Av.",44314,76.170.251.33,Programmer IV,Finnish,University of Bari
Monte,Brophy,Male,(953) 827-9220,cras@yahoo.couk,"P.O. Box 141, 9712 Malesuada Road",383656,92.193.34.18,Senior Developer,Arabic,Austin College
Jess,Gilffilland,Male,(231) 462-5887,ut.tincidunt.vehicula@icloud.edu,"P.O. Box 444, 9129 Mi St.",61819,130.87.108.36,Financial Analyst,Montenegrin,Erskine College
Moore,Riedel,Male,(251) 636-4191,nibh.dolor@outlook.org,Ap #411-9321 Turpis St.,63132,230.215.38.233,Clinical Specialist,Filipino,Université de Lomé
Alan,Linnard,Male,1-339-421-7551,sed.sapien@google.org,509-2944 Consectetuer St.,764621,11.94.238.238,Occupational Therapist,Bulgarian,Detroit College of Business - Flint
Stefano,Arnason,Male,(685) 243-4253,et.magna@protonmail.edu,"Ap #456-6386 Eu, Street",6272 AU,202.174.119.142,Compensation Analyst,Bulgarian,Florida Memorial College
Jeanette,Olivia,Female,(511) 135-4499,laoreet.posuere@aol.org,784-552 Integer Rd.,416898,14.55.131.13,Paralegal,Hungarian,Universidad Internacional de las Américas
Arny,Czadla,Male,1-784-877-3223,lacus@protonmail.couk,516-8362 Libero St.,121417,47.39.165.132,Human Resources Assistant II,Catalan,"Music Academy ""Felix Nowowiejski"" in Bydgoszcz"
Diarmid,Siggens,Bigender,(475) 222-7978,libero.at@icloud.ca,681-1866 Enim St.,71866,183.81.111.77,Structural Engineer,Bosnian,Jichi Medical School
Boote,Westlake,Male,(711) 531-4241,in.mi@protonmail.org,861-4601 Fames Avenue,213844,45.253.61.20,Geological Engineer,Gujarati,Sunmoon University
Karol,Putley,Female,(121) 757-2718,diam.lorem@yahoo.ca,Ap #873-1813 Sagittis Street,CW0 3QD,219.199.64.107,Librarian,Kyrgyz,MacEwan University
Marnia,Campbell,Female,(944) 239-8856,aliquet@google.com,1019 Eu Rd.,417178,143.111.126.173,Help Desk Operator,Azeri,AISTEDA
Brena,Benitez,Bigender,1-653-111-4654,pede.cum@yahoo.couk,Ap #927-218 Urna Avenue,12310,178.103.153.19,Safety Technician II,Icelandic,"Concordia University, Mequon"
Zsazsa,Lippingwell,Female,(456) 618-0852,amet.diam.eu@hotmail.org,Ap #189-6798 Diam St.,1756,49.165.32.95,Paralegal,Sotho,Karaganda State Buketov University
Ode,Lawry,Male,1-224-426-3952,parturient@google.ca,Ap #681-9727 Suspendisse St.,6982,146.170.163.228,Teacher,Yiddish,Hartford Graduate Center (Rensselaer at Hartford)
Odilia,Crossley,Polygender,1-473-937-7285,cursus.vestibulum.mauris@hotmail.edu,3343 Nec Ave,58156-226,169.114.125.42,Staff Scientist,Yiddish,Konan University
Quintilla,Micallef,Female,(244) 636-3612,tellus@yahoo.ca,833-4665 Malesuada Ave,47235,250.162.247.113,Pharmacist,Lithuanian,"Technische Fachhochschule Georg Agricola für Rohstoff, Energie und, Umwelt zu Bochum"
Warde,Scolli,Male,(131) 152-1336,nunc.lectus@icloud.org,526-8891 Diam Rd.,55028,253.220.110.53,Senior Financial Analyst,Irish Gaelic,Medical Academy in Lublin
Xever,McDermott,Male,1-824-468-9691,quisque.varius.nam@yahoo.net,"P.O. Box 603, 2534 Mollis Street",824667,190.198.204.30,Desktop Support Technician,Maltese,Spelman College
Dari,Lavarack,Female,(561) 418-7637,erat.vivamus.nisi@aol.org,336-6017 Tellus Street,JR0 2KQ,20.128.249.220,Human Resources Manager,Korean,Université de Metz
Son,Beeton,Male,1-656-218-6622,sociis.natoque@outlook.edu,7265 Ornare. Road,3384,220.38.202.175,Developer II,Malay,Sree Rama Krishna Degree College
Cori,Klimkovich,Genderfluid,(509) 755-6848,a.facilisis@protonmail.net,6825 Sem Street,351973,0.204.61.148,Clinical Specialist,Malagasy,West Bengal University of Animal and Fishery Sciences
Liv,Aslett,Female,(826) 473-2689,primis@outlook.couk,630-1937 Interdum St.,176419,70.50.204.127,Nurse Practicioner,Kazakh,Universitas Gadjah Mada
Tracy,Dufer,Female,(662) 414-2168,sit.amet@protonmail.edu,7146 Augue Rd.,60483,56.49.5.94,Professor,English,Université du Droit et de la Sante (Lille II)
Bambie,Gallally,Female,1-308-345-7885,erat.neque@protonmail.edu,194-8092 Et Ave,72-38,204.220.52.96,Operator,Tswana,Fitchburg State College
Dominik,Sutor,Male,1-377-508-3263,pellentesque.ultricies.dignissim@yahoo.com,Ap #770-7811 Nullam Av.,3320,180.250.118.49,Account Executive,Somali,Sri Sathya Sai Institute of Higher Learning
Phylys,Baudet,Female,1-454-651-0534,pulvinar.arcu@outlook.org,"238-9933 Imperdiet, St.",37M 4J2,78.91.243.44,Legal Assistant,Kazakh,Jigjiga University
Darryl,Steeples,Male,(723) 272-5754,varius.et@protonmail.net,Ap #829-6527 Nulla. Avenue,3800,81.173.123.239,Developer I,Macedonian,Tokyo Dental College
Lorna,Rammell,Female,1-482-384-8021,cum@yahoo.edu,Ap #773-4433 Per Avenue,329180,96.217.93.4,Project Manager,Hebrew,Yokohama City University
Beverlie,Breckenridge,Female,(832) 207-7479,neque.sed@google.org,327-544 Nunc Rd.,64385,51.207.14.107,Research Assistant III,Yiddish,St. Luke's College
Cris,Yarwood,Bigender,(367) 655-5339,id.nunc@google.ca,Ap #330-3295 Dignissim Avenue,34820-58462,152.249.150.115,Physical Therapy Assistant,Irish Gaelic,Technische Universität Clausthal
Rowena,Zamorrano,Agender,(231) 438-3677,molestie@outlook.edu,566-3837 Eu Street,222899,202.84.195.152,VP Accounting,Punjabi,Louisiana State University Health Sciences Center New Orleans
Rooney,Demko,Male,(726) 127-4245,quis.urna@hotmail.net,"P.O. Box 755, 6790 Mi Road",6709,95.67.220.200,Senior Financial Analyst,Swahili,Kyoto Prefectural University
Del,Linck,Female,(201) 362-6951,non.bibendum@hotmail.couk,774-8580 Ligula. Road,3040,143.183.8.68,Software Test Engineer IV,German,Universidad Nacional de Educación Enrique Guzmán y Valle
Maureen,Ackenhead,Female,1-785-331-8634,interdum.libero@google.net,Ap #631-2949 Suspendisse Street,5822,113.111.0.197,Automation Specialist III,Oriya,Fukuyama University
Bertram,Giacomello,Male,1-797-297-8244,duis.dignissim@icloud.net,131-9379 Aliquet Avenue,76323,217.42.220.54,Electrical Engineer,Tetum,Shanghai Dainji University
Ellis,Fforde,Polygender,1-364-442-4562,adipiscing.non@yahoo.edu,841-6674 Neque Rd.,738240,216.124.152.67,Statistician IV,Gagauz,Sung Kyun Kwan University
Darius,Ubee,Male,1-502-343-6227,feugiat.placerat@outlook.net,381-7366 Hymenaeos. Road,28342-57585,122.103.1.50,VP Product Management,West Frisian,Qom University
Massimiliano,Keepence,Polygender,1-168-822-7796,mauris@hotmail.com,971-1178 Rhoncus. Rd.,340548,250.160.118.207,Senior Developer,Mongolian,Anna University
Aryn,Cerman,Female,1-676-414-8216,turpis@google.couk,"P.O. Box 249, 3323 Ac St.",251562,81.54.177.194,Accounting Assistant II,Moldovan,Illinois Wesleyan University
Jacqui,Dymocke,Female,1-849-111-4756,sapien@outlook.org,967-7180 Lacus St.,89247,47.150.79.221,Physical Therapy Assistant,Tsonga,Université Louis Pasteur (Strasbourg I)
Rosene,Ellins,Female,1-586-688-2446,ligula.nullam.enim@google.ca,Ap #499-6224 Felis Avenue,174846,61.134.239.80,Geologist IV,Belarusian,"Fachhochschule und Berufskollegs NTA, Prof.Dr. Grübler gemein. GmbH"
Coreen,Demicoli,Female,1-622-269-2227,sit.amet@hotmail.ca,Ap #963-7799 Morbi Street,12455,232.34.115.225,Developer I,Guaraní,PTPL College
Catlaina,Cescon,Female,(586) 147-2747,vehicula.risus.nulla@outlook.net,Ap #644-5398 Velit Ave,5866,62.9.213.128,Financial Advisor,Armenian,Dominion College
Davie,Ellerbeck,Male,1-347-544-1781,vel.nisl.quisque@protonmail.org,900-5371 Semper Street,8861,78.5.106.33,Automation Specialist IV,Hiri Motu,Transport and Telecommunication Institute
Gertrude,Piwell,Female,1-604-571-5733,cras@google.com,3735 Augue Av.,78313,4.185.143.230,VP Sales,Punjabi,Korea National University of Arts
Farrand,Baroch,Genderfluid,(445) 108-5652,massa.rutrum@icloud.com,8707 Donec Avenue,A2H 9Y3,62.228.72.5,Account Coordinator,Somali,Universidade Federal Rural do Rio de Janeiro
Marten,Benyon,Genderfluid,1-610-538-7378,mattis.integer@outlook.net,"P.O. Box 621, 5461 Nunc Road",742654,235.42.110.116,Recruiting Manager,Dutch,Clayton College & State University
Brynne,Kops,Genderfluid,(746) 478-8956,luctus.ipsum@hotmail.org,Ap #142-4774 Sed St.,337748,99.34.39.244,VP Sales,Kyrgyz,Université de Kikwite
Arty,Cavy,Male,(558) 302-7568,ac.mattis@outlook.couk,"P.O. Box 911, 1051 Lectus Road",62405-214,90.117.196.101,Registered Nurse,English,Florida University of Medicine
Nickolai,Garrood,Male,(744) 465-4784,faucibus@yahoo.ca,"8332 Elementum, Rd.",47-197,193.154.8.5,Financial Advisor,Kashmiri,New England School of Communications
Carter,Dillet,Male,1-438-783-7447,ipsum.cursus@hotmail.couk,885-1717 Ultricies Rd.,1561,195.176.187.102,Operator,Swedish,St. Petersburg College
Marney,Wetherald,Female,(445) 713-4156,sapien.gravida.non@icloud.couk,Ap #126-498 Gravida Street,362250,2.148.118.52,Geological Engineer,Kashmiri,The Naropa Institute
Herc,Paolillo,Male,(678) 282-9454,enim.etiam.imperdiet@protonmail.org,Ap #946-6142 Dui Rd.,35802,131.253.84.102,Web Developer III,Czech,Harvard University
Edwin,I'anson,Male,1-693-511-5531,convallis.ligula@protonmail.org,"P.O. Box 890, 987 Ullamcorper Rd.",Y7E 4R0,162.118.52.243,Software Consultant,Afrikaans,Lviv Polytechnic National University
Mickey,Daughton,Genderqueer,1-832-506-5782,vehicula.et@protonmail.ca,427-3441 Nunc St.,173326,19.22.173.105,Administrative Officer,Bosnian,Institut National des Sciences Appliquées de Rouen
Danit,Vedmore,Female,(796) 703-2146,neque@icloud.ca,564-9094 Odio Avenue,7235,244.1.114.252,Research Assistant III,Maltese,Tokyo University of Fisheries
Whitney,Ebbage,Genderqueer,(515) 603-3358,bibendum@yahoo.net,Ap #366-5096 Nullam Avenue,639481,34.186.235.240,Account Coordinator,Luxembourgish,Full Sail University
Dominga,MacVean,Female,1-797-340-6393,mauris.integer.sem@google.net,748-5777 Elit. Rd.,11685,58.161.194.234,Nurse,Telugu,Keller Graduate School of Management
Vivian,Sieghard,Female,(461) 427-6482,imperdiet.ullamcorper@aol.ca,Ap #746-2442 Fringilla Street,765525,187.255.144.58,Administrative Assistant III,Tajik,Westwood College
Shelby,Ugoni,Female,1-442-888-9764,auctor.quis.tristique@hotmail.ca,Ap #619-6043 A St.,8376,188.104.1.200,Assistant Professor,Latvian,University Medical School of Pécs
Farica,Canter,Female,(881) 820-3242,magna.a@aol.ca,3838 Dis Av.,64809,143.31.78.60,Clinical Specialist,Norwegian,University of Western Ontario
Kane,Pentecust,Male,1-567-247-5871,donec.vitae@icloud.com,Ap #419-1582 Nam Avenue,7651,171.155.45.210,Mechanical Systems Engineer,Hungarian,Mountain State University
Welsh,Grunnell,Male,1-773-849-9138,neque.non@google.com,"3322 Elementum, St.",16535,80.12.241.136,Structural Analysis Engineer,Greek,Instituto Tecnológico de Aguascalientes
Normie,Pikett,Male,(329) 172-8787,pede@icloud.ca,"Ap #919-8016 Vulputate, Road",3312,72.152.34.41,Registered Nurse,Thai,Luhansk State Medical University
Odo,Roos,Male,1-563-395-0653,sodales.purus@outlook.couk,573-4604 Viverra. Rd.,2351,234.161.208.89,Research Assistant IV,Croatian,University of Reggio Calabria
Johnnie,Jordine,Bigender,1-874-481-7533,id.magna@protonmail.edu,4172 Tortor. Road,66675,129.109.126.215,GIS Technical Architect,Fijian,Universidad Salesiana
Porter,MacTrustie,Male,(131) 620-5506,in.tincidunt.congue@outlook.net,371-4453 Vitae St.,13376,39.192.245.115,Staff Scientist,Quechua,Fashion Institute of New York
Claudetta,Triggs,Non-binary,1-541-522-6418,justo.nec@icloud.edu,765-7384 Velit Avenue,81548-82607,110.241.140.77,Chemical Engineer,German,Université Stendhal (Grenoble III)
Svend,Frissell,Male,(349) 358-7281,mi@icloud.ca,Ap #541-8106 Phasellus Road,477564,45.129.83.253,Project Manager,Burmese,Ecole Supérieure d'Ingénieurs et de Techniciens pour l'Agriculture
Maurizio,Haack,Male,1-742-151-6236,molestie@icloud.net,962-7421 Donec Rd.,7040,223.243.83.110,Analyst Programmer,Norwegian,Matn University
Lyndsey,Bellam,Female,1-163-243-2812,rutrum.urna@yahoo.edu,"910-9273 A, Avenue",28-474,66.186.26.234,Business Systems Development Analyst,Romanian,Quaid-i-Azam University
Durante,Taggert,Male,1-827-750-2638,nibh.phasellus@outlook.org,"P.O. Box 727, 3500 Risus. Av.",33774899,108.139.4.240,Physical Therapy Assistant,Kyrgyz,Universidade Federal de Alagoas
Gay,Dulin,Male,(417) 624-2285,dis.parturient@icloud.net,450-6246 Fusce Av.,174053,126.154.234.204,Administrative Assistant II,Moldovan,Central Institute of Higher Tibetan Studies
Nikkie,Davidsson,Polygender,(189) 513-7385,vestibulum.nec@hotmail.org,389-6564 Non Street,61194-35301,24.24.130.238,Executive Secretary,Lao,Perm State Pharmaceutical Academy
Faulkner,McClunaghan,Male,(361) 173-5837,pretium.et@protonmail.org,Ap #535-3948 Imperdiet Ave,686448,2.155.170.113,Software Engineer III,Nepali,Ross University Caribbean School of Medicine
Avigdor,Freschini,Male,(333) 626-8147,phasellus.vitae.mauris@google.edu,"P.O. Box 210, 1475 Scelerisque, Road",98543,120.9.238.68,Programmer III,Tetum,Jilin Agricultural University
Clementina,Theml,Female,1-875-217-2518,maecenas.mi.felis@protonmail.edu,Ap #946-1281 Arcu Rd.,92710,135.234.234.104,General Manager,Finnish,Teikyo University of Science and Technology
Jimmy,Shottin,Male,(443) 156-1774,sed.dolor@protonmail.edu,806-4575 Augue Rd.,23813,125.158.74.252,Research Nurse,Czech,University of St. Cyril and Methodius in Trnava
Katherine,Holyard,Female,1-630-264-1623,feugiat.nec@protonmail.ca,"4599 Aliquet, Av.",7946,43.59.25.214,Senior Cost Accountant,Spanish,University of Lapland
Elsbeth,Sealey,Female,(374) 635-6397,ac.mi@google.ca,703-2588 Semper Ave,238438,71.1.107.154,Administrative Officer,Indonesian,Universiti Industri Selangor
Ilysa,Lutwidge,Female,(168) 266-4622,lorem@yahoo.com,762-8691 Est St.,85198,32.68.69.141,Marketing Manager,Tetum,American University in the Emirates
Jackie,Cawte,Genderfluid,1-528-832-9373,erat@aol.org,201-1571 Vulputate St.,392362,235.229.4.251,Senior Editor,Montenegrin,Medcenter One College of Nursing
Burl,Sumpton,Male,1-571-772-8385,diam.eu@aol.net,7826 Semper Av.,3963256,36.119.237.220,Web Developer IV,Hiri Motu,Phillips University
Artair,Abeles,Male,(953) 767-9813,elementum.sem@icloud.net,2064 Egestas Road,85515,201.238.184.186,Web Developer II,Gujarati,University of Hargeisa
Alastair,Simenel,Male,1-333-324-1447,odio@aol.com,469-407 Posuere Rd.,438933,64.3.192.56,Senior Quality Engineer,Arabic,New England School of Art and Design
Dulciana,Rosenfield,Female,1-731-512-9784,convallis@yahoo.ca,338-754 Laoreet Street,QQ7E 5HU,185.147.126.231,Compensation Analyst,Kashmiri,University of Wyoming
Louella,McGeouch,Female,1-327-544-8235,ante.blandit@outlook.couk,"P.O. Box 529, 4402 Erat St.",23322,26.124.217.116,Desktop Support Technician,Estonian,Universidad ICESI
Haydon,Downgate,Male,1-757-840-5226,tincidunt.nunc@protonmail.ca,2415 Pulvinar St.,83315,249.96.29.164,Marketing Assistant,Irish Gaelic,Ashiya University
My,Allsepp,Male,1-448-393-3652,sit@google.org,988-3361 Auctor Avenue,3711-5355,181.81.77.210,Graphic Designer,Lao,Universidad Tecnológica del Centro
Tim,McIntosh,Male,(920) 636-7671,curabitur.egestas@aol.couk,Ap #105-5871 Ut Av.,817962,150.69.150.107,Senior Cost Accountant,Estonian,Universidad Nacional de San Martín
Broderick,Witherup,Male,1-443-331-4874,ac.mi@protonmail.edu,Ap #557-9501 Aenean Road,57042,167.53.255.165,Nurse Practicioner,Dari,Morningside College
Royal,Berthod,Male,1-663-818-9321,blandit@protonmail.ca,506-534 Mauris Ave,DN15 4ED,24.194.122.138,Paralegal,Spanish,Brooks Institute of Photography
Rafaela,Worlidge,Female,1-258-426-2502,turpis@icloud.ca,5920 Fames Street,658234,113.42.206.84,Computer Systems Analyst II,Kannada,Universitas Negeri Semarang
Jayme,Battleson,Polygender,1-958-947-8247,placerat.eget@icloud.org,Ap #156-5054 Malesuada Avenue,28856,31.122.225.123,Account Coordinator,Dari,School of Education Pisa
Chane,Perkinson,Male,(793) 888-3312,risus.nulla@google.net,6495 Pellentesque. Avenue,4634,108.23.164.139,Web Developer I,Luxembourgish,University of Southampton
Hansiain,Decourt,Male,1-701-323-2211,in.tempus.eu@outlook.ca,Ap #857-1690 Ultrices. St.,45727,230.235.19.5,Web Developer II,Burmese,Universidad de Burgos
Dolph,Umpleby,Male,(415) 720-7173,amet.faucibus.ut@hotmail.org,1534 Blandit Avenue,7270,115.254.93.194,Cost Accountant,English,Andong National University
Leonora,Coole,Female,1-962-273-2027,velit.justo.nec@icloud.ca,755-9226 Tellus. St.,647840,68.115.29.3,Programmer I,Korean,Universidad de Guanajuato
Earlie,Roelofs,Male,1-907-746-6804,phasellus@hotmail.edu,"Ap #340-7700 Aliquet, Road",10115,163.8.4.32,Senior Financial Analyst,Marathi,Universidade Estadual de Campinas
Washington,Eames,Male,(267) 542-4234,nulla.integer@icloud.ca,"Ap #718-5996 Elit, Av.",44089,128.211.131.243,Paralegal,Haitian Creole,Ummah University
Jessie,McWaters,Female,(963) 178-5067,dolor.tempus@icloud.com,"P.O. Box 640, 9285 Elit, St.",255266,160.123.105.231,Actuary,Amharic,University of Burao
Sonni,Colebrook,Female,(248) 487-6739,tristique.ac@yahoo.edu,"Ap #558-2801 Nec, Ave",419349,55.81.86.91,Software Consultant,Korean,Shenyang Pharmaceutical University
Gawen,Steptoe,Male,1-798-240-6765,quis.lectus@outlook.net,Ap #282-5774 Vitae St.,3847,138.9.70.160,Administrative Officer,Burmese,Northeastern Illinois University
Reinald,Piecha,Male,(116) 426-2407,non.dui@protonmail.org,Ap #375-4067 Fermentum Avenue,24411,123.224.192.41,Associate Professor,Haitian Creole,University of Charleston South Carolina
Cindi,Sallery,Female,1-843-868-1783,magnis.dis@outlook.ca,Ap #206-5611 Ac St.,46-401,84.116.214.31,Analog Circuit Design manager,Afrikaans,University of Botswana
Averil,Golbourn,Female,1-479-676-2908,arcu.vel.quam@protonmail.org,156-152 Dui Rd.,3364,74.188.154.110,Electrical Engineer,Irish Gaelic,Sardar Vallabhai Patel University of Agriculture Amd Technology
Dorie,Choulerton,Female,(688) 869-2731,netus.et@google.org,855-2361 Vitae St.,66170,44.74.245.220,Civil Engineer,Irish Gaelic,Islamic University Kushtia
Rosco,Fontaine,Male,(772) 231-9687,ornare@protonmail.org,Ap #338-2447 Nullam Ave,60440-274,235.129.239.98,VP Quality Control,Indonesian,Ajman University of Science & Technology
Terrance,Pezey,Male,1-248-652-3356,dui@protonmail.net,2278 Fringilla Rd.,163466,24.212.107.49,Help Desk Operator,Tajik,Manhattan Christian College
Lonna,Doumerque,Polygender,(568) 257-7282,venenatis.lacus@icloud.com,Ap #660-8626 Nunc St.,575288,134.114.204.248,Payment Adjustment Coordinator,Zulu,Nichols College
Maegan,Bedenham,Female,1-741-635-6057,non.arcu@outlook.couk,"P.O. Box 919, 4565 Arcu Avenue",836876,201.184.90.80,Assistant Media Planner,Bengali,Western Galilee College
Roana,Enterlein,Female,1-671-948-1661,conubia.nostra@outlook.net,9152 Pellentesque St.,743434,175.249.157.137,Engineer I,Indonesian,Binary University College of Managemant & Entrepreneurship
Alano,Preece,Male,(579) 988-1141,mi.eleifend@hotmail.com,Ap #571-4931 Ligula. Av.,2226 DJ,63.34.26.162,Speech Pathologist,Swahili,Universidad Nacional de La Matanza
Eb,Weaver,Male,(732) 564-7681,dolor.fusce.feugiat@hotmail.org,294-8480 Ornare Rd.,4284,208.102.243.43,Web Designer II,Lithuanian,Warnborough University
Akim,Pringley,Male,(201) 933-8171,suspendisse.sed.dolor@yahoo.net,8219 Neque Ave,626188,188.225.242.142,Web Designer III,Māori,Barkatullah University
Reena,Goreway,Genderqueer,1-414-356-6282,sed.pharetra@protonmail.org,Ap #700-3026 Mauris Street,61-18,79.227.231.241,Associate Professor,Bengali,Walla Walla College
Sibeal,Richens,Female,(146) 736-4447,aenean.eget@icloud.net,4702 Sed Avenue,22180,187.193.208.66,Professor,Guaraní,The Curtis Institute of Music
Clemence,Mealing,Female,(443) 534-7754,mauris.magna.duis@icloud.edu,414-7042 Porta Av.,49318,53.166.230.152,Biostatistician III,Czech,I.M. Sechenov Moscow Medical Academy
Gertie,Hammel,Female,1-124-167-5176,eu@aol.couk,Ap #661-8331 Varius Avenue,7436,162.187.63.31,Community Outreach Specialist,Swedish,Philosophisch-Theologische Hochschule Münster
Helenelizabeth,Callard,Female,(745) 928-5282,sit.amet@icloud.net,Ap #743-7115 Nibh. Rd.,84510,50.255.46.44,Speech Pathologist,Latvian,University of Aberdeen
King,Hartrick,Male,(447) 567-1344,sapien.imperdiet.ornare@hotmail.couk,558-3807 Sodales Street,846454,213.17.14.49,Account Coordinator,New Zealand Sign Language,Karel De Grote Hogeschool
Estrellita,Tissiman,Female,1-359-412-8395,felis.adipiscing@yahoo.edu,Ap #395-5864 Nisi. Av.,37227,255.206.252.166,Business Systems Development Analyst,Dutch,Lingnan University
Melinda,Kix,Female,(805) 360-6331,sed.neque@hotmail.org,Ap #155-9937 Dictum. St.,361886,110.57.217.88,Account Executive,Spanish,University of Leicester
Bryanty,Beven,Male,(289) 512-3074,mus@google.couk,"Ap #112-591 Facilisis, Avenue",339676,29.102.51.138,Sales Associate,Finnish,Westsächsische Hochschule Zwickau (FH)
Rutherford,Kliment,Male,(912) 535-2238,quisque.tincidunt.pede@yahoo.net,548-9686 Nulla St.,57545,154.59.154.155,Operator,Chinese,Justus Liebig Universität Gießen
Stevana,Goldstone,Female,1-281-389-5296,sociis.natoque@google.edu,Ap #120-7740 Tempus St.,80766,82.86.143.141,Assistant Media Planner,English,West Virginia School of Osteopathic Medicine
Lyman,Cannop,Male,1-292-317-7630,dignissim.pharetra.nam@yahoo.couk,676-9917 Dictum St.,424843,107.109.127.211,Senior Developer,Hungarian,Pepperdine University
Judd,Girardini,Male,(874) 800-0387,in@icloud.ca,Ap #942-2149 Ipsum St.,62623-617,158.183.179.47,Legal Assistant,Amharic,Jones International University
Broderick,Bengoechea,Bigender,(622) 535-6828,laoreet.ipsum.curabitur@aol.net,"Ap #113-7960 Orci, Ave",968329,223.253.114.183,Senior Quality Engineer,Arabic,"University of California, Riverside"
Mitchael,Curtiss,Male,1-394-264-7535,curae.phasellus@aol.org,865-9375 Nulla. Rd.,65833,168.26.200.235,Analog Circuit Design manager,Somali,Polytechnic of Namibia
Wood,Reignould,Male,(612) 559-4885,rhoncus.donec@icloud.edu,"P.O. Box 778, 4082 Ipsum. St.",7318-0655,33.80.219.116,Electrical Engineer,Ndebele,Bashkir State Pedagogical University named After M. Akmullah
Brose,Huson,Male,(684) 166-7544,eu.arcu.morbi@outlook.couk,856-1035 Donec Street,ON5 5DD,232.12.29.26,Tax Accountant,Czech,Mozyr State Pedagogical Institute
Glendon,Rentelll,Male,(387) 844-1346,nunc@outlook.ca,818-6711 Quisque Av.,3545,18.205.194.47,Payment Adjustment Coordinator,Hungarian,Conestoga College
Mallory,Lillecrap,Female,(584) 150-4306,vestibulum@hotmail.org,4108 Enim. Street,65441-176,2.141.185.50,Desktop Support Technician,Romanian,Kuban State University of Agriculture
Magdalene,Trimby,Female,(565) 584-1269,aliquam.erat@outlook.net,949-5612 Nisi St.,316646,145.8.164.128,Computer Systems Analyst II,Hindi,Russian Academy of Arts
Lavina,Brenstuhl,Female,(754) 447-3464,convallis@outlook.ca,"P.O. Box 453, 3540 Ornare, St.",475213,7.188.47.119,Engineer III,Quechua,Hochschule Bremerhaven
Zonnya,Semmens,Female,(836) 356-0952,natoque.penatibus@protonmail.net,Ap #836-9631 Enim Street,8365,254.91.85.107,Quality Control Specialist,Portuguese,Purbanchal University
Shanon,Boocock,Female,1-206-795-3668,vulputate@google.net,7025 Ipsum Road,562434,165.213.53.23,Graphic Designer,Swedish,Hellenic Army Academy
